Workbook

Sheet Conventions
A1: Conventions -- axes, angles and signs (copied from the app's code)
A2: Input (type here) | B2: Formula (do not edit) | C2: Generator marker | D2: Guard row (keep blank)
A4: Units
A5: Lengths m, masses t, forces kN, moments kNm, angles deg (inputs), rad/s^2.
A6: Weight = mass_t x |g| (kN, since t x m/s^2 = kN). Gravity is typed signed (-9.81) as authored; the calculation uses its magnitude. | B6: calculation/engine.py
A8: Axes (crane frame)
A9: x: horizontal in the boom plane, positive toward the boom tip (outreach).
A10: z: up. y: lateral, completing a right-handed x-y-z frame.
A11: The crane frame is the vessel frame (x forward, y port, z up) rotated about z by the crane slewing angle; a vessel-frame horizontal vector (vx, vy) is (cos s vx + sin s vy, -sin s vx + cos s vy) in the crane frame. | B11: calculation/vessel_frame.py _vessel_to_crane
A12: In-plane moments are about +y with M = x Fz - z Fx (a load's moment about the origin as the solver accumulates it: ld_m += -z Fx + x Fz). | B12: calculation/solver/crane_solver.py
A14: Boom angle and boom-local coordinates
A15: Boom angle theta is measured at the boom heel from +x toward +z.
A16: Boom-local u runs along the boom from the heel, w is normal to it (u rotated +90 deg toward +z), v is lateral (= y). Global position: x = x_heel + u cos theta - w sin theta, z = z_heel + u sin theta + w cos theta. | B16: calculation/solver/crane_solver.py rotate_boom_local_point
A17: Only body 'boom' rows use boom-local coordinates; other bodies are global. | B17: scripts/excel_workbook/reference.py (name-based rule 5)
A18: Hanging nodes hang straight down (-z) from their parent node: the scene hoist's hook by the tackle length, idle hooks by their hanging drop. | B18: calculation/rope_mass.py active_hook_positions
A20: Vessel attitude and accelerations
A21: Vessel pitch is positive bow-down, roll positive to starboard (intrinsic z-y-x). Gravity in the vessel frame: g (sin pitch, -sin roll cos pitch, -cos roll cos pitch) with g = |g|. | B21: calculation/vessel_frame.py gravity_in_vessel_frame
A22: Load acceleration k = g_vessel - a (a = vessel accelerations ax, ay, az), rotated into the crane frame by the slewing angle; the equivalent crane-frame accelerations are ax' = -kx, ay' = -ky, az' = -|g| - kz. | B22: calculation/vessel_frame.py crane_frame_motion
A23: Pitch and roll angular accelerations are rotated into the crane frame the same way: (roll', pitch') = rotate(roll, pitch). | B23: calculation/vessel_frame.py crane_frame_motion
A24: Mass load (inertia + weight), with dx = x - x_ref, dz = z - z_ref (vessel motion reference): Fx = -m (ax' + pitch' dz), Fz = -m (|g| + az' - pitch' dx), Fy = -m (ay' - roll' dz). Pitch acceleration is right-handed about +y, roll acceleration right-handed about +x. | B24: calculation/solver/crane_solver.py inertia_force; calculation/engine.py
A26: Wind
A27: Direction +X, -X, +Y or -Y is the direction the wind blows toward: +X wind pushes in +x. Any other text is treated as +X by the app (flagged on Checks). | B27: calculation/engine.py split_wind_speed_components
A28: Force = sign x 0.5 rho Cd A V^2 / 1000 (kN). X wind uses 'Area for X wind', Y wind uses 'Area for Y wind'. X wind: areas of body 'boom' are scaled by |sin theta|; Y wind: boom-local areas are (the in-plane solver and the out-of-plane pass test this differently; identical when boom areas are boom-local). | B28: calculation/solver/crane_solver.py _wind_fx; calculation/engine.py
A30: Hook load, offlead and sidelead
A31: Hook load (kN) acts at the hook node in -z. Offlead adds sin(offlead) x hook load in +x at the node the hook hangs from (its parent node; the hook itself if it has none); sidelead adds sin(sidelead) x hook load in +y at the scene hoist's support node (its hook node if the support is missing). | B31: calculation/solver/crane_solver.py _accumulate_loads; core/drawn_loads.py hook_load; calculation/engine.py; core/lead_channels.py
A33: Ropes
A34: Role 'solve' marks the boom-hoist rope: its tension is an unknown of the boom solve (the app's rope with tension_mode 'solve', published as 'boom_hoist'). Exactly one active solve rope is required; without one the app shows no results. | B34: calculation/solver/crane_solver.py
A35: Role 'fixed': the scene hoist's rope carries hook load / parts at the hook; an idle hoist's rope carries hook mass x (|g| + az') / parts. | B35: calculation/solver/crane_solver.py
A36: Rope self-weight: each segment's length x parts x linear mass is split half to each end node; the rest of the hoist's total rope length (spooled) sits at its spool node (the 'Spool node' flag replaces the app's rule 'node id contains winch'). The hoist row's linear mass is the one used. | B36: calculation/rope_mass.py rope_mass_at_nodes
A37: Split-block mode is not supported by this workbook.
A39: Reaction signs (as the app reports them)
A40: Fx, Fz and My of every support (heel point, hinges, platform base) are support reactions opposing the applied loads: weight gives positive Fz; a +X vessel acceleration gives positive Fx. | B40: scripts/excel_workbook/reference.py
A41: Possible app sign bug, replicated: platform base Fy and Mx carry the sign of the applied loads, not of the reaction (a +Y wind gives positive Fy, and Mx = -z Fy). | B41: scripts/excel_workbook/reference.py
A42: Possible app sign bug, replicated: heel_left behaves as the -Y side. heel_left = 0.5 total + M / boom width, heel_right = 0.5 total - M / boom width (Fz uses Mx, Fx uses Mz), with M the applied-load moment about the heel: Mx = y Fz - z Fy, Mz = x_rel Fy - y Fx. A mass at +Y loads heel_right. The heel moments include every mass and wind area of the crane. | B42: scripts/excel_workbook/reference.py; calculation/engine.py
A43: Pinned connections (heel, hinges) carry no moment.
A45: Out-of-plane pass
A46: Y loads are not part of the in-plane solve. Moments of the applied loads are taken about the support-group origins boom_heel (heel), front_base, rear_base and platform_heel (platform base): Mx = y Fz - (z - oz) Fy, Mz = (x - ox) Fy - y Fx. Rope self-weight and idle hook blocks sit at y = 0; wind and the side force at y = 0. | B46: calculation/engine.py _out_of_plane_variants
A47: The side force acts at the support node's kinematic position (before the tackle moves the hook). | B47: calculation/engine.py _out_of_plane_geometry
A49: Statics
A50: Unknowns are the forces the supports exert on the body solved for: (Hx, Hz) of the heel on the boom, R_rb and R_fb of the leg bases on the legs, R_top of the top joint on the front leg (the rear leg gets -R_top). Moment equations are about the origin (M = x Fz - z Fx). The platform resultant is (r_g_x, r_g_z, m_g) = -(platform loads - the boom and leg reactions). | B50: calculation/solver/crane_solver.py _run_statics, _reactions_from_raw
A51: A system counts as singular when |det A| <= 1e-12 x the product of its row norms or MINVERSE fails (the app: np.linalg.solve raising, exactly singular only). Results then show the reason instead of numbers. | B51: calculation/solver/crane_solver.py _run_statics
A53: Tables
A54: Every table has a fixed number of rows with an Active column (1 = in use, 0 = spare). Spare rows keep Active = 0 and every other cell blank; they change no result. Keep each table's red guard row blank; rows that do not fit are counted on Checks.
A55: Ids are matched case-insensitively by Excel and must not contain * ? ~.
A56: The nine fixed node ids (boom_heel, platform_heel, rear_top, front_top, rear_base, platform_rear, front_base, platform_front, platform_base) take their x/z from the structure points by formula. | B56: data/models.py

Sheet Inputs
A1: Inputs -- the expanded crane model and the scene state
A2: Input (type here) | B2: Formula (do not edit) | C2: Generator marker | D2: Guard row (keep blank)
A4: Environment
A5: Gravity (signed, as authored) | B5: -9.81 | C5: m/s^2 | D5: gravity_m_s2 -- |g| is used
A6: Air density | B6: 1.225 | C6: kg/m^3 | D6: air_density_kg_m3
A7: Max wind speed (document) | B7: 15.1 | C7: m/s | D7: max_wind_speed_m_s -- information only; the scene wind speed is below
A8: Vessel motion reference x | B8: 0 | C8: m | D8: reference_x_m -- pitch/roll lever-arm origin
A9: Vessel motion reference z | B9: 0 | C9: m | D9: reference_z_m -- pitch/roll lever-arm origin
A11: Structure points and widths
A12: Boom width (heel left/right spacing) | B12: 19.1 | C12: m | D12: boom_width_m
A13: Slewing bearing diameter | B13: 23 | C13: m | D13: slewing_bearing_diameter_m -- optional; only bearing line loads use it
A14: Boom heel x | B14: 8.5 | C14: m | D14: boom_heel_x_m -- node boom_heel (also platform_heel)
A15: Boom heel z | B15: 8 | C15: m | D15: boom_heel_z_m -- node boom_heel (also platform_heel)
A16: Upper hinge x | B16: -11 | C16: m | D16: upper_hinge_x_m -- node rear_top (also front_top)
A17: Upper hinge z | B17: 52.3 | C17: m | D17: upper_hinge_z_m -- node rear_top (also front_top)
A18: Rear hinge x | B18: -11 | C18: m | D18: rear_hinge_x_m -- node rear_base (also platform_rear)
A19: Rear hinge z | B19: 7.7 | C19: m | D19: rear_hinge_z_m -- node rear_base (also platform_rear)
A20: Front hinge x | B20: 6.87 | C20: m | D20: front_hinge_x_m -- node front_base (also platform_front)
A21: Front hinge z | B21: 7.7 | C21: m | D21: front_hinge_z_m -- node front_base (also platform_front)
A22: Platform base x | B22: 0 | C22: m | D22: platform_base_x_m -- node platform_base
A23: Platform base z | B23: 0 | C23: m | D23: platform_base_z_m -- node platform_base
A25: Scene state (one operating point)
A26: Hook-loaded hoist id | B26: MH | D26: hoist_id -- a hoist with a fixed rope
A27: Boom angle | B27: 60 | C27: deg | D27: boom_angle_deg -- from +x toward +z
A28: Hook load (payload + hook block) x DAF x g | B28: 6500 | C28: kN | D28: hook_load_kN
A29: Tackle length (support sheave to hook) | B29: 40 | C29: m | D29: tackle_length_m
A30: Offlead | B30: 0 | C30: deg | D30: offlead_deg
A31: Sidelead | B31: 0 | C31: deg | D31: sidelead_deg
A32: Wind speed | B32: 0 | C32: m/s | D32: wind_speed_m_s
A33: Wind direction | B33: +X | D33: wind_direction
A34: Vessel acceleration ax | B34: 0 | C34: m/s^2 | D34: accel_x_m_s2
A35: Vessel acceleration ay | B35: 0 | C35: m/s^2 | D35: accel_y_m_s2
A36: Vessel acceleration az | B36: 0 | C36: m/s^2 | D36: accel_z_m_s2
A37: Pitch angular acceleration | B37: 0 | C37: rad/s^2 | D37: pitch_accel_rad_s2
A38: Roll angular acceleration | B38: 0 | C38: rad/s^2 | D38: roll_accel_rad_s2
A39: Vessel roll | B39: 0 | C39: deg | D39: vessel_roll_deg -- positive to starboard
A40: Vessel pitch | B40: 0 | C40: deg | D40: vessel_pitch_deg -- positive bow-down
A41: Crane slewing angle | B41: 0 | C41: deg | D41: crane_slewing_angle_deg
A43: Mass points (all bodies) | D43: Capacity | E43: 40 | F43: Rows not written (overflow) | G43: 0
A44: Active [1/0] | B44: Id | C44: Body | D44: Frame | E44: Mass [t] | F44: u (along boom) [m] | G44: v (lateral) [m] | H44: w (boom normal) [m] | I44: x [m] | J44: y [m] | K44: z [m]
A45: active (1 = row in use, 0 = spare) | B45: id | C45: body | D45: frame (boom_local uses u/v/w) | E45: mass_t | F45: u_m | G45: v_m | H45: w_m | I45: x_m | J45: y_m | K45: z_m
A46: 1 | B46: boom_structure | C46: boom | D46: boom_local | E46: 759.1 | F46: 87 | G46: 0 | H46: -0.4
A47: 1 | B47: tagline_bottom_traverse | C47: boom | D47: boom_local | E47: 20 | F47: 20 | G47: 0 | H47: -3
A48: 1 | B48: tagline_top_traverse | C48: boom | D48: boom_local | E48: 15 | F48: 160 | G48: 0 | H48: 1
A49: 1 | B49: platform_structure | C49: platform | D49: global | E49: 615 | I49: -0.49 | J49: 0.23 | K49: 4.24
A50: 1 | B50: aframe_structure | C50: platform | D50: global | E50: 422 | I50: -5.73 | J50: 0.09 | K50: 31.25
A51: 1 | B51: slewing_system | C51: platform | D51: global | E51: 83.6 | I51: 0 | J51: 0 | K51: 0.19
A52: 1 | B52: winches_and_drives | C52: platform | D52: global | E52: 293 | I52: -6.12 | J52: -1.05 | K52: 4.54
A53: 1 | B53: electrical | C53: platform | D53: global | E53: 72 | I53: -3.66 | J53: -0.06 | K53: 3.9
A54: 1 | B54: utility | C54: platform | D54: global | E54: 32.7 | I54: -9.9 | J54: 0 | K54: 6.25
A55: 0
A56: 0
A57: 0
A58: 0
A59: 0
A60: 0
A61: 0
A62: 0
A63: 0
A64: 0
A65: 0
A66: 0
... A85: 0
A87: End of mass_points (40 rows). Keep the red guard row blank: anything typed there is counted as overflow on Checks. Spare rows: Active = 0, other cells blank.
A89: Wind areas (all bodies) | D89: Capacity | E89: 40 | F89: Rows not written (overflow) | G89: 0
A90: Active [1/0] | B90: Id | C90: Body | D90: Frame | E90: Cd | F90: Area for X wind [m^2] | G90: Area for Y wind [m^2] | H90: u (along boom) [m] | I90: w (boom normal) [m] | J90: x [m] | K90: z [m]
A91: active (1 = row in use, 0 = spare) | B91: id | C91: body | D91: frame (boom_local uses u/w) | E91: cd | F91: area_x_m2 | G91: area_y_m2 | H91: u_m | I91: w_m | J91: x_m | K91: z_m
A92: 1 | B92: boom_lattice | C92: boom | D92: boom_local | E92: 1.25 | F92: 540.3 | G92: 485.7 | H92: 82.4 | I92: 0
A93: 1 | B93: boom_head | C93: boom | D93: boom_local | E93: 1 | F93: 49.4 | G93: 53 | H93: 157 | I93: 0
A94: 1 | B94: platform_wind_x | C94: platform | D94: global | E94: 1 | F94: 156.5 | G94: 0 | J94: 0 | K94: 3.4
A95: 1 | B95: platform_wind_y | C95: platform | D95: global | E95: 1 | F95: 0 | G95: 164.6 | J95: -0.1 | K95: 3.6
A96: 1 | B96: ehouse_wind_x | C96: platform | D96: global | E96: 1 | F96: 51.1 | G96: 0 | J96: 0 | K96: 8.4
A97: 1 | B97: ehouse_wind_y | C97: platform | D97: global | E97: 1 | F97: 0 | G97: 35.6 | J97: -14.9 | K97: 6.6
A98: 1 | B98: aframe_wind_x | C98: platform | D98: global | E98: 1 | F98: 310.9 | G98: 0 | J98: 0 | K98: 31
A99: 1 | B99: aframe_wind_y | C99: platform | D99: global | E99: 1 | F99: 0 | G99: 169.4 | J99: -5.3 | K99: 29.4
A100: 0
A101: 0
A102: 0
A103: 0
A104: 0
A105: 0
A106: 0
A107: 0
A108: 0
A109: 0
A110: 0
A111: 0
... A131: 0
A133: End of wind_areas (40 rows). Keep the red guard row blank: anything typed there is counted as overflow on Checks. Spare rows: Active = 0, other cells blank.
A135: Nodes | D135: Capacity | E135: 80 | F135: Rows not written (overflow) | G135: 0
A136: Active [1/0] | B136: Id | C136: Body | D136: Frame | E136: x [m] | F136: z [m] | G136: u (along boom) [m] | H136: w (boom normal) [m] | I136: Hangs below node | J136: Hanging drop [m] | K136: Spool node [1/0]
A137: active (1 = row in use, 0 = spare) | B137: id | C137: body | D137: frame | E137: x_m | F137: z_m | G137: u_m | H137: w_m | I137: below_node_id | J137: hanging_drop_m (idle hooks; the active hook uses tackle) | K137: spool_node (holds the rope not reeved)
A138: 1 | B138: bh_winch | C138: platform | D138: global | E138: -8.35 | F138: 5.85 | K138: 1
A139: 1 | B139: bh_aframe_sheave_1 | C139: rear_leg | D139: global | E139: -9.4 | F139: 47 | K139: 0
A140: 1 | B140: bh_aframe_sheave_2 | C140: rear_leg | D140: global | E140: -11 | F140: 58.3 | K140: 0
A141: 1 | B141: bh_boom_sheave_3 | C141: boom | D141: boom_local | G141: 153 | H141: 3.8 | K141: 0
A142: 1 | B142: mh_winch | C142: platform | D142: global | E142: -8.374 | F142: 2.218 | K142: 1
A143: 1 | B143: mh_aframe_sheave_1 | C143: rear_leg | D143: global | E143: -7.5 | F143: 46.55 | K143: 0
A144: 1 | B144: mh_aframe_sheave_2 | C144: front_leg | D144: global | E144: 8.5 | F144: 9.25 | K144: 0
A145: 1 | B145: mh_boom_sheave_3 | C145: boom | D145: boom_local | G145: 23.5 | H145: 3.85 | K145: 0
...

Sheet Geometry
A1: Geometry -- node positions and crane-frame motion
A3: Crane (global) frame: x horizontal outboard, y lateral, z up; node positions are (x, z).
A4: Boom angle: degrees from +x toward +z, about the boom heel (node boom_heel). Boom-local (u, w): u along the boom, w normal (left of u). x = heel_x + u*cos(a) - w*sin(a); z = heel_z + u*sin(a) + w*cos(a).
A5: Hanging nodes sit directly below their parent node (same x, z lower by the drop). A missing drop counts as 1 m (the app's default). One level of hanging only (a hanging node whose parent is hanging trips the hanging_chain check).
A6: The active hook (the scene hoist's hook node) hangs the tackle length below its support node instead of its idle drop. Support node = the hook node's parent, else the hoist's support node. A negative tackle length counts as 0.
A7: Vessel frame: x forward, y port, z up. Pitch positive bow-down, roll positive to starboard; yaw drops out. Gravity in the vessel frame: (g sin p, -g sin r cos p, -g cos r cos p), g = |gravity|.
A8: Crane frame = vessel frame rotated about z by the slewing angle: a horizontal vessel vector (x, y) becomes (cos s x + sin s y, -sin s x + cos s y). z is unchanged.
A9: Load acceleration k = g - a (crane frame); the solver's equivalent reference acceleration is -k horizontally and -g - kz vertically (solver_ax/ay/az).
A12: Boom rotation and active hook
A13: Boom angle | B13: =RADIANS(Inputs!$B$27) | C13: rad | D13: boom_angle_rad
A14: cos(boom angle) | B14: =COS(Geometry!$B$13) | D14: boom_cos
A15: sin(boom angle) | B15: =SIN(Geometry!$B$13) | D15: boom_sin
A16: Row of node boom_heel in nodes | B16: =IFERROR(MATCH("boom_heel",Geometry!$B$58:$B$137,0),0) | C16: row | D16: heel_row -- 0 = missing
A17: Boom heel x | B17: =IF(Geometry!$B$16>0,INDEX(Inputs!$E$138:$E$217,Geometry!$B$16),0) | C17: m | D17: heel_x_m
A18: Boom heel z | B18: =IF(Geometry!$B$16>0,INDEX(Inputs!$F$138:$F$217,Geometry!$B$16),0) | C18: m | D18: heel_z_m
A19: Tackle length used | B19: =MAX(0,Inputs!$B$29) | C19: m | D19: tackle_m -- max(0, scene value)
A20: Active hook node id | B20: =IFERROR(INDEX(Inputs!$D$304:$D$311,MATCH(Inputs!$B$26,Inputs!$B$304:$B$311,0))&"","") | D20: hook_id
A21: Row of the hook node in nodes | B21: =IF(Geometry!$B$20="",0,IFERROR(MATCH(Geometry!$B$20,Geometry!$B$58:$B$137,0),0)) | C21: row | D21: hook_row -- 0 = missing
A22: Hook node's parent (below_node_id) | B22: =IF(Geometry!$B$21>0,INDEX(Inputs!$I$138:$I$217,Geometry!$B$21)&"","") | D22: hook_parent_id
A23: Hook support node id | B23: =IF(Geometry!$B$22<>"",Geometry!$B$22,IFERROR(INDEX(Inputs!$E$304:$E$311,MATCH(Inputs!$B$26,Inputs!$B$304:$B$311,0))&"","")) | D23: support_id
A24: Row of the support node in nodes | B24: =IF(Geometry!$B$23="",0,IFERROR(MATCH(Geometry!$B$23,Geometry!$B$58:$B$137,0),0)) | C24: row | D24: support_row -- 0 = missing
A25: Support node z (before the hook moves) | B25: =IF(Geometry!$B$24>0,INDEX(Geometry!$I$58:$I$137,Geometry!$B$24),0) | C25: m | D25: support_z_m
A26: Hook is lowered by the tackle | B26: =IF(AND(Geometry!$B$21>0,Geometry!$B$24>0),1,0) | C26: 1/0 | D26: hook_moves
A28: Vessel-frame motion in the crane frame
A29: Gravity magnitude |g| | B29: =ABS(Inputs!$B$5) | C29: m/s^2 | D29: g_m_s2
A30: Vessel roll | B30: =RADIANS(Inputs!$B$39) | C30: rad | D30: roll_rad
A31: Vessel pitch | B31: =RADIANS(Inputs!$B$40) | C31: rad | D31: pitch_rad
A32: Slewing angle | B32: =RADIANS(Inputs!$B$41) | C32: rad | D32: slew_rad
A33: cos(slew) | B33: =COS(Geometry!$B$32) | D33: slew_cos
A34: sin(slew) | B34: =SIN(Geometry!$B$32) | D34: slew_sin
A35: Gravity x, vessel frame | B35: =Geometry!$B$29*SIN(Geometry!$B$31) | C35: m/s^2 | D35: gx_vessel
A36: Gravity y, vessel frame | B36: =-Geometry!$B$29*SIN(Geometry!$B$30)*COS(Geometry!$B$31) | C36: m/s^2 | D36: gy_vessel
A37: Gravity z, vessel frame | B37: =-Geometry!$B$29*COS(Geometry!$B$30)*COS(Geometry!$B$31) | C37: m/s^2 | D37: gz_vessel
A38: k x = g - a, vessel frame | B38: =Geometry!$B$35-Inputs!$B$34 | C38: m/s^2 | D38: kx_vessel
A39: k y = g - a, vessel frame | B39: =Geometry!$B$36-Inputs!$B$35 | C39: m/s^2 | D39: ky_vessel
A40: Gravity x, crane frame | B40: =Geometry!$B$33*Geometry!$B$35+Geometry!$B$34*Geometry!$B$36 | C40: m/s^2 | D40: gx
A41: Gravity y, crane frame | B41: =-Geometry!$B$34*Geometry!$B$35+Geometry!$B$33*Geometry!$B$36 | C41: m/s^2 | D41: gy
A42: Gravity z, crane frame | B42: =Geometry!$B$37 | C42: m/s^2 | D42: gz
A43: Vessel acceleration x, crane frame | B43: =Geometry!$B$33*Inputs!$B$34+Geometry!$B$34*Inputs!$B$35 | C43: m/s^2 | D43: ax
A44: Vessel acceleration y, crane frame | B44: =-Geometry!$B$34*Inputs!$B$34+Geometry!$B$33*Inputs!$B$35 | C44: m/s^2 | D44: ay
A45: Vessel acceleration z, crane frame | B45: =Inputs!$B$36 | C45: m/s^2 | D45: az
A46: Load acceleration kx = gx - ax | B46: =Geometry!$B$40-Geometry!$B$43 | C46: m/s^2 | D46: kx
A47: Load acceleration ky = gy - ay | B47: =Geometry!$B$41-Geometry!$B$44 | C47: m/s^2 | D47: ky
A48: Load acceleration kz = gz - az | B48: =Geometry!$B$42-Geometry!$B$45 | C48: m/s^2 | D48: kz
A49: Solver reference acceleration x (= -kx) | B49: =-Geometry!$B$46 | C49: m/s^2 | D49: solver_ax
A50: Solver reference acceleration y (= -ky) | B50: =-Geometry!$B$47 | C50: m/s^2 | D50: solver_ay
A51: Solver reference acceleration z (= -g - kz) | B51: =-Geometry!$B$29-Geometry!$B$48 | C51: m/s^2 | D51: solver_az
A52: Pitch angular acceleration, crane frame | B52: =-Geometry!$B$34*Inputs!$B$38+Geometry!$B$33*Inputs!$B$37 | C52: rad/s^2 | D52: pitch_accel_crane
A53: Roll angular acceleration, crane frame | B53: =Geometry!$B$33*Inputs!$B$38+Geometry!$B$34*Inputs!$B$37 | C53: rad/s^2 | D53: roll_accel_crane
A55: Node positions (row i = Inputs nodes row i)
A56: Active [1/0] | B56: Id | C56: Frame | D56: x (boom-local rotated, or global; 0 if hanging) [m] | E56: z (boom-local rotated, or global; 0 if hanging) [m] | F56: Row of the parent node (hanging) [row] | G56: Drop below parent (hanging) [m] | H56: x (kinematics: hanging resolved) [m] | I56: z (kinematics: hanging resolved) [m] | J56: Active hook node [1/0] | K56: x global [m] | L56: z global [m]
A57: active (from Inputs) | B57: id | C57: frame | D57: x_base_m | E57: z_base_m | F57: parent_row (0 = none) | G57: drop_m | H57: x_kin_m | I57: z_kin_m | J57: is_hook | K57: x_m (the position the solver uses) | L57: z_m (the position the solver uses)
A58: =Inputs!$A$138 | B58: =IF(Geometry!$A$58=1,Inputs!$B$138&"","") | C58: =IF(Geometry!$A$58=1,Inputs!$D$138&"","") | D58: =IF(Geometry!$C$58="boom_local",Geometry!$B$17+Inputs!$G$138*Geometry!$B$14-Inputs!$H$138*Geometry!$B$15,IF(Geometry!$C$58="global",Inputs!$E$138,0)) | E58: =IF(Geometry!$C$58="boom_local",Geometry!$B$18+Inputs!$G$138*Geometry!$B$15+Inputs!$H$138*Geometry!$B$14,IF(Geometry!$C$58="global",Inputs!$F$138,0)) | F58: =IF(AND(Geometry!$C$58="hanging",Inputs!$I$138<>""),IFERROR(MATCH(Inputs!$I$138&"",Geometry!$B$58:$B$137,0),0),0) | G58: =IF(Geometry!$C$58="hanging",IF(Inputs!$J$138="",1,Inputs!$J$138),0) | H58: =IF(Geometry!$C$58="hanging",IF(Geometry!$F$58>0,INDEX(Geometry!$D$58:$D$137,Geometry!$F$58),0),Geometry!$D$58) | I58: =IF(Geometry!$C$58="hanging",IF(Geometry!$F$58>0,INDEX(Geometry!$E$58:$E$137,Geometry!$F$58)-Geometry!$G$58,0),Geometry!$E$58) | J58: =IF(AND(Geometry!$B$26=1,Geometry!$A$58=1,Geometry!$B$58=Geometry!$B$20),1,0) | K58: =Geometry!$H$58 | L58: =IF(Geometry!$J$58=1,Geometry!$B$25-Geometry!$B$19,Geometry!$I$58)
A59: =Inputs!$A$139 | B59: =IF(Geometry!$A$59=1,Inputs!$B$139&"","") | C59: =IF(Geometry!$A$59=1,Inputs!$D$139&"","") | D59: =IF(Geometry!$C$59="boom_local",Geometry!$B$17+Inputs!$G$139*Geometry!$B$14-Inputs!$H$139*Geometry!$B$15,IF(Geometry!$C$59="global",Inputs!$E$139,0)) | E59: =IF(Geometry!$C$59="boom_local",Geometry!$B$18+Inputs!$G$139*Geometry!$B$15+Inputs!$H$139*Geometry!$B$14,IF(Geometry!$C$59="global",Inputs!$F$139,0)) | F59: =IF(AND(Geometry!$C$59="hanging",Inputs!$I$139<>""),IFERROR(MATCH(Inputs!$I$139&"",Geometry!$B$58:$B$137,0),0),0) | G59: =IF(Geometry!$C$59="hanging",IF(Inputs!$J$139="",1,Inputs!$J$139),0) | H59: =IF(Geometry!$C$59="hanging",IF(Geometry!$F$59>0,INDEX(Geometry!$D$58:$D$137,Geometry!$F$59),0),Geometry!$D$59) | I59: =IF(Geometry!$C$59="hanging",IF(Geometry!$F$59>0,INDEX(Geometry!$E$58:$E$137,Geometry!$F$59)-Geometry!$G$59,0),Geometry!$E$59) | J59: =IF(AND(Geometry!$B$26=1,Geometry!$A$59=1,Geometry!$B$59=Geometry!$B$20),1,0) | K59: =Geometry!$H$59 | L59: =IF(Geometry!$J$59=1,Geometry!$B$25-Geometry!$B$19,Geometry!$I$59)
A60: =Inputs!$A$140 | B60: =IF(Geometry!$A$60=1,Inputs!$B$140&"","") | C60: =IF(Geometry!$A$60=1,Inputs!$D$140&"","") | D60: =IF(Geometry!$C$60="boom_local",Geometry!$B$17+Inputs!$G$140*Geometry!$B$14-Inputs!$H$140*Geometry!$B$15,IF(Geometry!$C$60="global",Inputs!$E$140,0)) | E60: =IF(Geometry!$C$60="boom_local",Geometry!$B$18+Inputs!$G$140*Geometry!$B$15+Inputs!$H$140*Geometry!$B$14,IF(Geometry!$C$60="global",Inputs!$F$140,0)) | F60: =IF(AND(Geometry!$C$60="hanging",Inputs!$I$140<>""),IFERROR(MATCH(Inputs!$I$140&"",Geometry!$B$58:$B$137,0),0),0) | G60: =IF(Geometry!$C$60="hanging",IF(Inputs!$J$140="",1,Inputs!$J$140),0) | H60: =IF(Geometry!$C$60="hanging",IF(Geometry!$F$60>0,INDEX(Geometry!$D$58:$D$137,Geometry!$F$60),0),Geometry!$D$60) | I60: =IF(Geometry!$C$60="hanging",IF(Geometry!$F$60>0,INDEX(Geometry!$E$58:$E$137,Geometry!$F$60)-Geometry!$G$60,0),Geometry!$E$60) | J60: =IF(AND(Geometry!$B$26=1,Geometry!$A$60=1,Geometry!$B$60=Geometry!$B$20),1,0) | K60: =Geometry!$H$60 | L60: =IF(Geometry!$J$60=1,Geometry!$B$25-Geometry!$B$19,Geometry!$I$60)
A61: =Inputs!$A$141 | B61: =IF(Geometry!$A$61=1,Inputs!$B$141&"","") | C61: =IF(Geometry!$A$61=1,Inputs!$D$141&"","") | D61: =IF(Geometry!$C$61="boom_local",Geometry!$B$17+Inputs!$G$141*Geometry!$B$14-Inputs!$H$141*Geometry!$B$15,IF(Geometry!$C$61="global",Inputs!$E$141,0)) | E61: =IF(Geometry!$C$61="boom_local",Geometry!$B$18+Inputs!$G$141*Geometry!$B$15+Inputs!$H$141*Geometry!$B$14,IF(Geometry!$C$61="global",Inputs!$F$141,0)) | F61: =IF(AND(Geometry!$C$61="hanging",Inputs!$I$141<>""),IFERROR(MATCH(Inputs!$I$141&"",Geometry!$B$58:$B$137,0),0),0) | G61: =IF(Geometry!$C$61="hanging",IF(Inputs!$J$141="",1,Inputs!$J$141),0) | H61: =IF(Geometry!$C$61="hanging",IF(Geometry!$F$61>0,INDEX(Geometry!$D$58:$D$137,Geometry!$F$61),0),Geometry!$D$61) | I61: =IF(Geometry!$C$61="hanging",IF(Geometry!$F$61>0,INDEX(Geometry!$E$58:$E$137,Geometry!$F$61)-Geometry!$G$61,0),Geometry!$E$61) | J61: =IF(AND(Geometry!$B$26=1,Geometry!$A$61=1,Geometry!$B$61=Geometry!$B$20),1,0) | K61: =Geometry!$H$61 | L61: =IF(Geometry!$J$61=1,Geometry!$B$25-Geometry!$B$19,Geometry!$I$61)
A62: =Inputs!$A$142 | B62: =IF(Geometry!$A$62=1,Inputs!$B$142&"","") | C62: =IF(Geometry!$A$62=1,Inputs!$D$142&"","") | D62: =IF(Geometry!$C$62="boom_local",Geometry!$B$17+Inputs!$G$142*Geometry!$B$14-Inputs!$H$142*Geometry!$B$15,IF(Geometry!$C$62="global",Inputs!$E$142,0)) | E62: =IF(Geometry!$C$62="boom_local",Geometry!$B$18+Inputs!$G$142*Geometry!$B$15+Inputs!$H$142*Geometry!$B$14,IF(Geometry!$C$62="global",Inputs!$F$142,0)) | F62: =IF(AND(Geometry!$C$62="hanging",Inputs!$I$142<>""),IFERROR(MATCH(Inputs!$I$142&"",Geometry!$B$58:$B$137,0),0),0) | G62: =IF(Geometry!$C$62="hanging",IF(Inputs!$J$142="",1,Inputs!$J$142),0) | H62: =IF(Geometry!$C$62="hanging",IF(Geometry!$F$62>0,INDEX(Geometry!$D$58:$D$137,Geometry!$F$62),0),Geometry!$D$62) | I62: =IF(Geometry!$C$62="hanging",IF(Geometry!$F$62>0,INDEX(Geometry!$E$58:$E$137,Geometry!$F$62)-Geometry!$G$62,0),Geometry!$E$62) | J62: =IF(AND(Geometry!$B$26=1,Geometry!$A$62=1,Geometry!$B$62=Geometry!$B$20),1,0) | K62: =Geometry!$H$62 | L62: =IF(Geometry!$J$62=1,Geometry!$B$25-Geometry!$B$19,Geometry!$I$62)
A63: =Inputs!$A$143 | B63: =IF(Geometry!$A$63=1,Inputs!$B$143&"","") | C63: =IF(Geometry!$A$63=1,Inputs!$D$143&"","") | D63: =IF(Geometry!$C$63="boom_local",Geometry!$B$17+Inputs!$G$143*Geometry!$B$14-Inputs!$H$143*Geometry!$B$15,IF(Geometry!$C$63="global",Inputs!$E$143,0)) | E63: =IF(Geometry!$C$63="boom_local",Geometry!$B$18+Inputs!$G$143*Geometry!$B$15+Inputs!$H$143*Geometry!$B$14,IF(Geometry!$C$63="global",Inputs!$F$143,0)) | F63: =IF(AND(Geometry!$C$63="hanging",Inputs!$I$143<>""),IFERROR(MATCH(Inputs!$I$143&"",Geometry!$B$58:$B$137,0),0),0) | G63: =IF(Geometry!$C$63="hanging",IF(Inputs!$J$143="",1,Inputs!$J$143),0) | H63: =IF(Geometry!$C$63="hanging",IF(Geometry!$F$63>0,INDEX(Geometry!$D$58:$D$137,Geometry!$F$63),0),Geometry!$D$63) | I63: =IF(Geometry!$C$63="hanging",IF(Geometry!$F$63>0,INDEX(Geometry!$E$58:$E$137,Geometry!$F$63)-Geometry!$G$63,0),Geometry!$E$63) | J63: =IF(AND(Geometry!$B$26=1,Geometry!$A$63=1,Geometry!$B$63=Geometry!$B$20),1,0) | K63: =Geometry!$H$63 | L63: =IF(Geometry!$J$63=1,Geometry!$B$25-Geometry!$B$19,Geometry!$I$63)
A64: =Inputs!$A$144 | B64: =IF(Geometry!$A$64=1,Inputs!$B$144&"","") | C64: =IF(Geometry!$A$64=1,Inputs!$D$144&"","") | D64: =IF(Geometry!$C$64="boom_local",Geometry!$B$17+Inputs!$G$144*Geometry!$B$14-Inputs!$H$144*Geometry!$B$15,IF(Geometry!$C$64="global",Inputs!$E$144,0)) | E64: =IF(Geometry!$C$64="boom_local",Geometry!$B$18+Inputs!$G$144*Geometry!$B$15+Inputs!$H$144*Geometry!$B$14,IF(Geometry!$C$64="global",Inputs!$F$144,0)) | F64: =IF(AND(Geometry!$C$64="hanging",Inputs!$I$144<>""),IFERROR(MATCH(Inputs!$I$144&"",Geometry!$B$58:$B$137,0),0),0) | G64: =IF(Geometry!$C$64="hanging",IF(Inputs!$J$144="",1,Inputs!$J$144),0) | H64: =IF(Geometry!$C$64="hanging",IF(Geometry!$F$64>0,INDEX(Geometry!$D$58:$D$137,Geometry!$F$64),0),Geometry!$D$64) | I64: =IF(Geometry!$C$64="hanging",IF(Geometry!$F$64>0,INDEX(Geometry!$E$58:$E$137,Geometry!$F$64)-Geometry!$G$64,0),Geometry!$E$64) | J64: =IF(AND(Geometry!$B$26=1,Geometry!$A$64=1,Geometry!$B$64=Geometry!$B$20),1,0) | K64: =Geometry!$H$64 | L64: =IF(Geometry!$J$64=1,Geometry!$B$25-Geometry!$B$19,Geometry!$I$64)
A65: =Inputs!$A$145 | B65: =IF(Geometry!$A$65=1,Inputs!$B$145&"","") | C65: =IF(Geometry!$A$65=1,Inputs!$D$145&"","") | D65: =IF(Geometry!$C$65="boom_local",Geometry!$B$17+Inputs!$G$145*Geometry!$B$14-Inputs!$H$145*Geometry!$B$15,IF(Geometry!$C$65="global",Inputs!$E$145,0)) | E65: =IF(Geometry!$C$65="boom_local",Geometry!$B$18+Inputs!$G$145*Geometry!$B$15+Inputs!$H$145*Geometry!$B$14,IF(Geometry!$C$65="global",Inputs!$F$145,0)) | F65: =IF(AND(Geometry!$C$65="hanging",Inputs!$I$145<>""),IFERROR(MATCH(Inputs!$I$145&"",Geometry!$B$58:$B$137,0),0),0) | G65: =IF(Geometry!$C$65="hanging",IF(Inputs!$J$145="",1,Inputs!$J$145),0) | H65: =IF(Geometry!$C$65="hanging",IF(Geometry!$F$65>0,INDEX(Geometry!$D$58:$D$137,Geometry!$F$65),0),Geometry!$D$65) | I65: =IF(Geometry!$C$65="hanging",IF(Geometry!$F$65>0,INDEX(Geometry!$E$58:$E$137,Geometry!$F$65)-Geometry!$G$65,0),Geometry!$E$65) | J65: =IF(AND(Geometry!$B$26=1,Geometry!$A$65=1,Geometry!$B$65=Geometry!$B$20),1,0) | K65: =Geometry!$H$65 | L65: =IF(Geometry!$J$65=1,Geometry!$B$25-Geometry!$B$19,Geometry!$I$65)
A66: =Inputs!$A$146 | B66: =IF(Geometry!$A$66=1,Inputs!$B$146&"","") | C66: =IF(Geometry!$A$66=1,Inputs!$D$146&"","") | D66: =IF(Geometry!$C$66="boom_local",Geometry!$B$17+Inputs!$G$146*Geometry!$B$14-Inputs!$H$146*Geometry!$B$15,IF(Geometry!$C$66="global",Inputs!$E$146,0)) | E66: =IF(Geometry!$C$66="boom_local",Geometry!$B$18+Inputs!$G$146*Geometry!$B$15+Inputs!$H$146*Geometry!$B$14,IF(Geometry!$C$66="global",Inputs!$F$146,0)) | F66: =IF(AND(Geometry!$C$66="hanging",Inputs!$I$146<>""),IFERROR(MATCH(Inputs!$I$146&"",Geometry!$B$58:$B$137,0),0),0) | G66: =IF(Geometry!$C$66="hanging",IF(Inputs!$J$146="",1,Inputs!$J$146),0) | H66: =IF(Geometry!$C$66="hanging",IF(Geometry!$F$66>0,INDEX(Geometry!$D$58:$D$137,Geometry!$F$66),0),Geometry!$D$66) | I66: =IF(Geometry!$C$66="hanging",IF(Geometry!$F$66>0,INDEX(Geometry!$E$58:$E$137,Geometry!$F$66)-Geometry!$G$66,0),Geometry!$E$66) | J66: =IF(AND(Geometry!$B$26=1,Geometry!$A$66=1,Geometry!$B$66=Geometry!$B$20),1,0) | K66: =Geometry!$H$66 | L66: =IF(Geometry!$J$66=1,Geometry!$B$25-Geometry!$B$19,Geometry!$I$66)
A67: =Inputs!$A$147 | B67: =IF(Geometry!$A$67=1,Inputs!$B$147&"","") | C67: =IF(Geometry!$A$67=1,Inputs!$D$147&"","") | D67: =IF(Geometry!$C$67="boom_local",Geometry!$B$17+Inputs!$G$147*Geometry!$B$14-Inputs!$H$147*Geometry!$B$15,IF(Geometry!$C$67="global",Inputs!$E$147,0)) | E67: =IF(Geometry!$C$67="boom_local",Geometry!$B$18+Inputs!$G$147*Geometry!$B$15+Inputs!$H$147*Geometry!$B$14,IF(Geometry!$C$67="global",Inputs!$F$147,0)) | F67: =IF(AND(Geometry!$C$67="hanging",Inputs!$I$147<>""),IFERROR(MATCH(Inputs!$I$147&"",Geometry!$B$58:$B$137,0),0),0) | G67: =IF(Geometry!$C$67="hanging",IF(Inputs!$J$147="",1,Inputs!$J$147),0) | H67: =IF(Geometry!$C$67="hanging",IF(Geometry!$F$67>0,INDEX(Geometry!$D$58:$D$137,Geometry!$F$67),0),Geometry!$D$67) | I67: =IF(Geometry!$C$67="hanging",IF(Geometry!$F$67>0,INDEX(Geometry!$E$58:$E$137,Geometry!$F$67)-Geometry!$G$67,0),Geometry!$E$67) | J67: =IF(AND(Geometry!$B$26=1,Geometry!$A$67=1,Geometry!$B$67=Geometry!$B$20),1,0) | K67: =Geometry!$H$67 | L67: =IF(Geometry!$J$67=1,Geometry!$B$25-Geometry!$B$19,Geometry!$I$67)
A68: =Inputs!$A$148 | B68: =IF(Geometry!$A$68=1,Inputs!$B$148&"","") | C68: =IF(Geometry!$A$68=1,Inputs!$D$148&"","") | D68: =IF(Geometry!$C$68="boom_local",Geometry!$B$17+Inputs!$G$148*Geometry!$B$14-Inputs!$H$148*Geometry!$B$15,IF(Geometry!$C$68="global",Inputs!$E$148,0)) | E68: =IF(Geometry!$C$68="boom_local",Geometry!$B$18+Inputs!$G$148*Geometry!$B$15+Inputs!$H$148*Geometry!$B$14,IF(Geometry!$C$68="global",Inputs!$F$148,0)) | F68: =IF(AND(Geometry!$C$68="hanging",Inputs!$I$148<>""),IFERROR(MATCH(Inputs!$I$148&"",Geometry!$B$58:$B$137,0),0),0) | G68: =IF(Geometry!$C$68="hanging",IF(Inputs!$J$148="",1,Inputs!$J$148),0) | H68: =IF(Geometry!$C$68="hanging",IF(Geometry!$F$68>0,INDEX(Geometry!$D$58:$D$137,Geometry!$F$68),0),Geometry!$D$68) | I68: =IF(Geometry!$C$68="hanging",IF(Geometry!$F$68>0,INDEX(Geometry!$E$58:$E$137,Geometry!$F$68)-Geometry!$G$68,0),Geometry!$E$68) | J68: =IF(AND(Geometry!$B$26=1,Geometry!$A$68=1,Geometry!$B$68=Geometry!$B$20),1,0) | K68: =Geometry!$H$68 | L68: =IF(Geometry!$J$68=1,Geometry!$B$25-Geometry!$B$19,Geometry!$I$68)
A69: =Inputs!$A$149 | B69: =IF(Geometry!$A$69=1,Inputs!$B$149&"","") | C69: =IF(Geometry!$A$69=1,Inputs!$D$149&"","") | D69: =IF(Geometry!$C$69="boom_local",Geometry!$B$17+Inputs!$G$149*Geometry!$B$14-Inputs!$H$149*Geometry!$B$15,IF(Geometry!$C$69="global",Inputs!$E$149,0)) | E69: =IF(Geometry!$C$69="boom_local",Geometry!$B$18+Inputs!$G$149*Geometry!$B$15+Inputs!$H$149*Geometry!$B$14,IF(Geometry!$C$69="global",Inputs!$F$149,0)) | F69: =IF(AND(Geometry!$C$69="hanging",Inputs!$I$149<>""),IFERROR(MATCH(Inputs!$I$149&"",Geometry!$B$58:$B$137,0),0),0) | G69: =IF(Geometry!$C$69="hanging",IF(Inputs!$J$149="",1,Inputs!$J$149),0) | H69: =IF(Geometry!$C$69="hanging",IF(Geometry!$F$69>0,INDEX(Geometry!$D$58:$D$137,Geometry!$F$69),0),Geometry!$D$69) | I69: =IF(Geometry!$C$69="hanging",IF(Geometry!$F$69>0,INDEX(Geometry!$E$58:$E$137,Geometry!$F$69)-Geometry!$G$69,0),Geometry!$E$69) | J69: =IF(AND(Geometry!$B$26=1,Geometry!$A$69=1,Geometry!$B$69=Geometry!$B$20),1,0) | K69: =Geometry!$H$69 | L69: =IF(Geometry!$J$69=1,Geometry!$B$25-Geometry!$B$19,Geometry!$I$69)
A70: =Inputs!$A$150 | B70: =IF(Geometry!$A$70=1,Inputs!$B$150&"","") | C70: =IF(Geometry!$A$70=1,Inputs!$D$150&"","") | D70: =IF(Geometry!$C$70="boom_local",Geometry!$B$17+Inputs!$G$150*Geometry!$B$14-Inputs!$H$150*Geometry!$B$15,IF(Geometry!$C$70="global",Inputs!$E$150,0)) | E70: =IF(Geometry!$C$70="boom_local",Geometry!$B$18+Inputs!$G$150*Geometry!$B$15+Inputs!$H$150*Geometry!$B$14,IF(Geometry!$C$70="global",Inputs!$F$150,0)) | F70: =IF(AND(Geometry!$C$70="hanging",Inputs!$I$150<>""),IFERROR(MATCH(Inputs!$I$150&"",Geometry!$B$58:$B$137,0),0),0) | G70: =IF(Geometry!$C$70="hanging",IF(Inputs!$J$150="",1,Inputs!$J$150),0) | H70: =IF(Geometry!$C$70="hanging",IF(Geometry!$F$70>0,INDEX(Geometry!$D$58:$D$137,Geometry!$F$70),0),Geometry!$D$70) | I70: =IF(Geometry!$C$70="hanging",IF(Geometry!$F$70>0,INDEX(Geometry!$E$58:$E$137,Geometry!$F$70)-Geometry!$G$70,0),Geometry!$E$70) | J70: =IF(AND(Geometry!$B$26=1,Geometry!$A$70=1,Geometry!$B$70=Geometry!$B$20),1,0) | K70: =Geometry!$H$70 | L70: =IF(Geometry!$J$70=1,Geometry!$B$25-Geometry!$B$19,Geometry!$I$70)
A71: =Inputs!$A$151 | B71: =IF(Geometry!$A$71=1,Inputs!$B$151&"","") | C71: =IF(Geometry!$A$71=1,Inputs!$D$151&"","") | D71: =IF(Geometry!$C$71="boom_local",Geometry!$B$17+Inputs!$G$151*Geometry!$B$14-Inputs!$H$151*Geometry!$B$15,IF(Geometry!$C$71="global",Inputs!$E$151,0)) | E71: =IF(Geometry!$C$71="boom_local",Geometry!$B$18+Inputs!$G$151*Geometry!$B$15+Inputs!$H$151*Geometry!$B$14,IF(Geometry!$C$71="global",Inputs!$F$151,0)) | F71: =IF(AND(Geometry!$C$71="hanging",Inputs!$I$151<>""),IFERROR(MATCH(Inputs!$I$151&"",Geometry!$B$58:$B$137,0),0),0) | G71: =IF(Geometry!$C$71="hanging",IF(Inputs!$J$151="",1,Inputs!$J$151),0) | H71: =IF(Geometry!$C$71="hanging",IF(Geometry!$F$71>0,INDEX(Geometry!$D$58:$D$137,Geometry!$F$71),0),Geometry!$D$71) | I71: =IF(Geometry!$C$71="hanging",IF(Geometry!$F$71>0,INDEX(Geometry!$E$58:$E$137,Geometry!$F$71)-Geometry!$G$71,0),Geometry!$E$71) | J71: =IF(AND(Geometry!$B$26=1,Geometry!$A$71=1,Geometry!$B$71=Geometry!$B$20),1,0) | K71: =Geometry!$H$71 | L71: =IF(Geometry!$J$71=1,Geometry!$B$25-Geometry!$B$19,Geometry!$I$71)
A72: =Inputs!$A$152 | B72: =IF(Geometry!$A$72=1,Inputs!$B$152&"","") | C72: =IF(Geometry!$A$72=1,Inputs!$D$152&"","") | D72: =IF(Geometry!$C$72="boom_local",Geometry!$B$17+Inputs!$G$152*Geometry!$B$14-Inputs!$H$152*Geometry!$B$15,IF(Geometry!$C$72="global",Inputs!$E$152,0)) | E72: =IF(Geometry!$C$72="boom_local",Geometry!$B$18+Inputs!$G$152*Geometry!$B$15+Inputs!$H$152*Geometry!$B$14,IF(Geometry!$C$72="global",Inputs!$F$152,0)) | F72: =IF(AND(Geometry!$C$72="hanging",Inputs!$I$152<>""),IFERROR(MATCH(Inputs!$I$152&"",Geometry!$B$58:$B$137,0),0),0) | G72: =IF(Geometry!$C$72="hanging",IF(Inputs!$J$152="",1,Inputs!$J$152),0) | H72: =IF(Geometry!$C$72="hanging",IF(Geometry!$F$72>0,INDEX(Geometry!$D$58:$D$137,Geometry!$F$72),0),Geometry!$D$72) | I72: =IF(Geometry!$C$72="hanging",IF(Geometry!$F$72>0,INDEX(Geometry!$E$58:$E$137,Geometry!$F$72)-Geometry!$G$72,0),Geometry!$E$72) | J72: =IF(AND(Geometry!$B$26=1,Geometry!$A$72=1,Geometry!$B$72=Geometry!$B$20),1,0) | K72: =Geometry!$H$72 | L72: =IF(Geometry!$J$72=1,Geometry!$B$25-Geometry!$B$19,Geometry!$I$72)
A73: =Inputs!$A$153 | B73: =IF(Geometry!$A$73=1,Inputs!$B$153&"","") | C73: =IF(Geometry!$A$73=1,Inputs!$D$153&"","") | D73: =IF(Geometry!$C$73="boom_local",Geometry!$B$17+Inputs!$G$153*Geometry!$B$14-Inputs!$H$153*Geometry!$B$15,IF(Geometry!$C$73="global",Inputs!$E$153,0)) | E73: =IF(Geometry!$C$73="boom_local",Geometry!$B$18+Inputs!$G$153*Geometry!$B$15+Inputs!$H$153*Geometry!$B$14,IF(Geometry!$C$73="global",Inputs!$F$153,0)) | F73: =IF(AND(Geometry!$C$73="hanging",Inputs!$I$153<>""),IFERROR(MATCH(Inputs!$I$153&"",Geometry!$B$58:$B$137,0),0),0) | G73: =IF(Geometry!$C$73="hanging",IF(Inputs!$J$153="",1,Inputs!$J$153),0) | H73: =IF(Geometry!$C$73="hanging",IF(Geometry!$F$73>0,INDEX(Geometry!$D$58:$D$137,Geometry!$F$73),0),Geometry!$D$73) | I73: =IF(Geometry!$C$73="hanging",IF(Geometry!$F$73>0,INDEX(Geometry!$E$58:$E$137,Geometry!$F$73)-Geometry!$G$73,0),Geometry!$E$73) | J73: =IF(AND(Geometry!$B$26=1,Geometry!$A$73=1,Geometry!$B$73=Geometry!$B$20),1,0) | K73: =Geometry!$H$73 | L73: =IF(Geometry!$J$73=1,Geometry!$B$25-Geometry!$B$19,Geometry!$I$73)
A74: =Inputs!$A$154 | B74: =IF(Geometry!$A$74=1,Inputs!$B$154&"","") | C74: =IF(Geometry!$A$74=1,Inputs!$D$154&"","") | D74: =IF(Geometry!$C$74="boom_local",Geometry!$B$17+Inputs!$G$154*Geometry!$B$14-Inputs!$H$154*Geometry!$B$15,IF(Geometry!$C$74="global",Inputs!$E$154,0)) | E74: =IF(Geometry!$C$74="boom_local",Geometry!$B$18+Inputs!$G$154*Geometry!$B$15+Inputs!$H$154*Geometry!$B$14,IF(Geometry!$C$74="global",Inputs!$F$154,0)) | F74: =IF(AND(Geometry!$C$74="hanging",Inputs!$I$154<>""),IFERROR(MATCH(Inputs!$I$154&"",Geometry!$B$58:$B$137,0),0),0) | G74: =IF(Geometry!$C$74="hanging",IF(Inputs!$J$154="",1,Inputs!$J$154),0) | H74: =IF(Geometry!$C$74="hanging",IF(Geometry!$F$74>0,INDEX(Geometry!$D$58:$D$137,Geometry!$F$74),0),Geometry!$D$74) | I74: =IF(Geometry!$C$74="hanging",IF(Geometry!$F$74>0,INDEX(Geometry!$E$58:$E$137,Geometry!$F$74)-Geometry!$G$74,0),Geometry!$E$74) | J74: =IF(AND(Geometry!$B$26=1,Geometry!$A$74=1,Geometry!$B$74=Geometry!$B$20),1,0) | K74: =Geometry!$H$74 | L74: =IF(Geometry!$J$74=1,Geometry!$B$25-Geometry!$B$19,Geometry!$I$74)
A75: =Inputs!$A$155 | B75: =IF(Geometry!$A$75=1,Inputs!$B$155&"","") | C75: =IF(Geometry!$A$75=1,Inputs!$D$155&"","") | D75: =IF(Geometry!$C$75="boom_local",Geometry!$B$17+Inputs!$G$155*Geometry!$B$14-Inputs!$H$155*Geometry!$B$15,IF(Geometry!$C$75="global",Inputs!$E$155,0)) | E75: =IF(Geometry!$C$75="boom_local",Geometry!$B$18+Inputs!$G$155*Geometry!$B$15+Inputs!$H$155*Geometry!$B$14,IF(Geometry!$C$75="global",Inputs!$F$155,0)) | F75: =IF(AND(Geometry!$C$75="hanging",Inputs!$I$155<>""),IFERROR(MATCH(Inputs!$I$155&"",Geometry!$B$58:$B$137,0),0),0) | G75: =IF(Geometry!$C$75="hanging",IF(Inputs!$J$155="",1,Inputs!$J$155),0) | H75: =IF(Geometry!$C$75="hanging",IF(Geometry!$F$75>0,INDEX(Geometry!$D$58:$D$137,Geometry!$F$75),0),Geometry!$D$75) | I75: =IF(Geometry!$C$75="hanging",IF(Geometry!$F$75>0,INDEX(Geometry!$E$58:$E$137,Geometry!$F$75)-Geometry!$G$75,0),Geometry!$E$75) | J75: =IF(AND(Geometry!$B$26=1,Geometry!$A$75=1,Geometry!$B$75=Geometry!$B$20),1,0) | K75: =Geometry!$H$75 | L75: =IF(Geometry!$J$75=1,Geometry!$B$25-Geometry!$B$19,Geometry!$I$75)
A76: =Inputs!$A$156 | B76: =IF(Geometry!$A$76=1,Inputs!$B$156&"","") | C76: =IF(Geometry!$A$76=1,Inputs!$D$156&"","") | D76: =IF(Geometry!$C$76="boom_local",Geometry!$B$17+Inputs!$G$156*Geometry!$B$14-Inputs!$H$156*Geometry!$B$15,IF(Geometry!$C$76="global",Inputs!$E$156,0)) | E76: =IF(Geometry!$C$76="boom_local",Geometry!$B$18+Inputs!$G$156*Geometry!$B$15+Inputs!$H$156*Geometry!$B$14,IF(Geometry!$C$76="global",Inputs!$F$156,0)) | F76: =IF(AND(Geometry!$C$76="hanging",Inputs!$I$156<>""),IFERROR(MATCH(Inputs!$I$156&"",Geometry!$B$58:$B$137,0),0),0) | G76: =IF(Geometry!$C$76="hanging",IF(Inputs!$J$156="",1,Inputs!$J$156),0) | H76: =IF(Geometry!$C$76="hanging",IF(Geometry!$F$76>0,INDEX(Geometry!$D$58:$D$137,Geometry!$F$76),0),Geometry!$D$76) | I76: =IF(Geometry!$C$76="hanging",IF(Geometry!$F$76>0,INDEX(Geometry!$E$58:$E$137,Geometry!$F$76)-Geometry!$G$76,0),Geometry!$E$76) | J76: =IF(AND(Geometry!$B$26=1,Geometry!$A$76=1,Geometry!$B$76=Geometry!$B$20),1,0) | K76: =Geometry!$H$76 | L76: =IF(Geometry!$J$76=1,Geometry!$B$25-Geometry!$B$19,Geometry!$I$76)
A77: =Inputs!$A$157 | B77: =IF(Geometry!$A$77=1,Inputs!$B$157&"","") | C77: =IF(Geometry!$A$77=1,Inputs!$D$157&"","") | D77: =IF(Geometry!$C$77="boom_local",Geometry!$B$17+Inputs!$G$157*Geometry!$B$14-Inputs!$H$157*Geometry!$B$15,IF(Geometry!$C$77="global",Inputs!$E$157,0)) | E77: =IF(Geometry!$C$77="boom_local",Geometry!$B$18+Inputs!$G$157*Geometry!$B$15+Inputs!$H$157*Geometry!$B$14,IF(Geometry!$C$77="global",Inputs!$F$157,0)) | F77: =IF(AND(Geometry!$C$77="hanging",Inputs!$I$157<>""),IFERROR(MATCH(Inputs!$I$157&"",Geometry!$B$58:$B$137,0),0),0) | G77: =IF(Geometry!$C$77="hanging",IF(Inputs!$J$157="",1,Inputs!$J$157),0) | H77: =IF(Geometry!$C$77="hanging",IF(Geometry!$F$77>0,INDEX(Geometry!$D$58:$D$137,Geometry!$F$77),0),Geometry!$D$77) | I77: =IF(Geometry!$C$77="hanging",IF(Geometry!$F$77>0,INDEX(Geometry!$E$58:$E$137,Geometry!$F$77)-Geometry!$G$77,0),Geometry!$E$77) | J77: =IF(AND(Geometry!$B$26=1,Geometry!$A$77=1,Geometry!$B$77=Geometry!$B$20),1,0) | K77: =Geometry!$H$77 | L77: =IF(Geometry!$J$77=1,Geometry!$B$25-Geometry!$B$19,Geometry!$I$77)
A78: =Inputs!$A$158 | B78: =IF(Geometry!$A$78=1,Inputs!$B$158&"","") | C78: =IF(Geometry!$A$78=1,Inputs!$D$158&"","") | D78: =IF(Geometry!$C$78="boom_local",Geometry!$B$17+Inputs!$G$158*Geometry!$B$14-Inputs!$H$158*Geometry!$B$15,IF(Geometry!$C$78="global",Inputs!$E$158,0)) | E78: =IF(Geometry!$C$78="boom_local",Geometry!$B$18+Inputs!$G$158*Geometry!$B$15+Inputs!$H$158*Geometry!$B$14,IF(Geometry!$C$78="global",Inputs!$F$158,0)) | F78: =IF(AND(Geometry!$C$78="hanging",Inputs!$I$158<>""),IFERROR(MATCH(Inputs!$I$158&"",Geometry!$B$58:$B$137,0),0),0) | G78: =IF(Geometry!$C$78="hanging",IF(Inputs!$J$158="",1,Inputs!$J$158),0) | H78: =IF(Geometry!$C$78="hanging",IF(Geometry!$F$78>0,INDEX(Geometry!$D$58:$D$137,Geometry!$F$78),0),Geometry!$D$78) | I78: =IF(Geometry!$C$78="hanging",IF(Geometry!$F$78>0,INDEX(Geometry!$E$58:$E$137,Geometry!$F$78)-Geometry!$G$78,0),Geometry!$E$78) | J78: =IF(AND(Geometry!$B$26=1,Geometry!$A$78=1,Geometry!$B$78=Geometry!$B$20),1,0) | K78: =Geometry!$H$78 | L78: =IF(Geometry!$J$78=1,Geometry!$B$25-Geometry!$B$19,Geometry!$I$78)
A79: =Inputs!$A$159 | B79: =IF(Geometry!$A$79=1,Inputs!$B$159&"","") | C79: =IF(Geometry!$A$79=1,Inputs!$D$159&"","") | D79: =IF(Geometry!$C$79="boom_local",Geometry!$B$17+Inputs!$G$159*Geometry!$B$14-Inputs!$H$159*Geometry!$B$15,IF(Geometry!$C$79="global",Inputs!$E$159,0)) | E79: =IF(Geometry!$C$79="boom_local",Geometry!$B$18+Inputs!$G$159*Geometry!$B$15+Inputs!$H$159*Geometry!$B$14,IF(Geometry!$C$79="global",Inputs!$F$159,0)) | F79: =IF(AND(Geometry!$C$79="hanging",Inputs!$I$159<>""),IFERROR(MATCH(Inputs!$I$159&"",Geometry!$B$58:$B$137,0),0),0) | G79: =IF(Geometry!$C$79="hanging",IF(Inputs!$J$159="",1,Inputs!$J$159),0) | H79: =IF(Geometry!$C$79="hanging",IF(Geometry!$F$79>0,INDEX(Geometry!$D$58:$D$137,Geometry!$F$79),0),Geometry!$D$79) | I79: =IF(Geometry!$C$79="hanging",IF(Geometry!$F$79>0,INDEX(Geometry!$E$58:$E$137,Geometry!$F$79)-Geometry!$G$79,0),Geometry!$E$79) | J79: =IF(AND(Geometry!$B$26=1,Geometry!$A$79=1,Geometry!$B$79=Geometry!$B$20),1,0) | K79: =Geometry!$H$79 | L79: =IF(Geometry!$J$79=1,Geometry!$B$25-Geometry!$B$19,Geometry!$I$79)
A80: =Inputs!$A$160 | B80: =IF(Geometry!$A$80=1,Inputs!$B$160&"","") | C80: =IF(Geometry!$A$80=1,Inputs!$D$160&"","") | D80: =IF(Geometry!$C$80="boom_local",Geometry!$B$17+Inputs!$G$160*Geometry!$B$14-Inputs!$H$160*Geometry!$B$15,IF(Geometry!$C$80="global",Inputs!$E$160,0)) | E80: =IF(Geometry!$C$80="boom_local",Geometry!$B$18+Inputs!$G$160*Geometry!$B$15+Inputs!$H$160*Geometry!$B$14,IF(Geometry!$C$80="global",Inputs!$F$160,0)) | F80: =IF(AND(Geometry!$C$80="hanging",Inputs!$I$160<>""),IFERROR(MATCH(Inputs!$I$160&"",Geometry!$B$58:$B$137,0),0),0) | G80: =IF(Geometry!$C$80="hanging",IF(Inputs!$J$160="",1,Inputs!$J$160),0) | H80: =IF(Geometry!$C$80="hanging",IF(Geometry!$F$80>0,INDEX(Geometry!$D$58:$D$137,Geometry!$F$80),0),Geometry!$D$80) | I80: =IF(Geometry!$C$80="hanging",IF(Geometry!$F$80>0,INDEX(Geometry!$E$58:$E$137,Geometry!$F$80)-Geometry!$G$80,0),Geometry!$E$80) | J80: =IF(AND(Geometry!$B$26=1,Geometry!$A$80=1,Geometry!$B$80=Geometry!$B$20),1,0) | K80: =Geometry!$H$80 | L80: =IF(Geometry!$J$80=1,Geometry!$B$25-Geometry!$B$19,Geometry!$I$80)
A81: =Inputs!$A$161 | B81: =IF(Geometry!$A$81=1,Inputs!$B$161&"","") | C81: =IF(Geometry!$A$81=1,Inputs!$D$161&"","") | D81: =IF(Geometry!$C$81="boom_local",Geometry!$B$17+Inputs!$G$161*Geometry!$B$14-Inputs!$H$161*Geometry!$B$15,IF(Geometry!$C$81="global",Inputs!$E$161,0)) | E81: =IF(Geometry!$C$81="boom_local",Geometry!$B$18+Inputs!$G$161*Geometry!$B$15+Inputs!$H$161*Geometry!$B$14,IF(Geometry!$C$81="global",Inputs!$F$161,0)) | F81: =IF(AND(Geometry!$C$81="hanging",Inputs!$I$161<>""),IFERROR(MATCH(Inputs!$I$161&"",Geometry!$B$58:$B$137,0),0),0) | G81: =IF(Geometry!$C$81="hanging",IF(Inputs!$J$161="",1,Inputs!$J$161),0) | H81: =IF(Geometry!$C$81="hanging",IF(Geometry!$F$81>0,INDEX(Geometry!$D$58:$D$137,Geometry!$F$81),0),Geometry!$D$81) | I81: =IF(Geometry!$C$81="hanging",IF(Geometry!$F$81>0,INDEX(Geometry!$E$58:$E$137,Geometry!$F$81)-Geometry!$G$81,0),Geometry!$E$81) | J81: =IF(AND(Geometry!$B$26=1,Geometry!$A$81=1,Geometry!$B$81=Geometry!$B$20),1,0) | K81: =Geometry!$H$81 | L81: =IF(Geometry!$J$81=1,Geometry!$B$25-Geometry!$B$19,Geometry!$I$81)
A82: =Inputs!$A$162 | B82: =IF(Geometry!$A$82=1,Inputs!$B$162&"","") | C82: =IF(Geometry!$A$82=1,Inputs!$D$162&"","") | D82: =IF(Geometry!$C$82="boom_local",Geometry!$B$17+Inputs!$G$162*Geometry!$B$14-Inputs!$H$162*Geometry!$B$15,IF(Geometry!$C$82="global",Inputs!$E$162,0)) | E82: =IF(Geometry!$C$82="boom_local",Geometry!$B$18+Inputs!$G$162*Geometry!$B$15+Inputs!$H$162*Geometry!$B$14,IF(Geometry!$C$82="global",Inputs!$F$162,0)) | F82: =IF(AND(Geometry!$C$82="hanging",Inputs!$I$162<>""),IFERROR(MATCH(Inputs!$I$162&"",Geometry!$B$58:$B$137,0),0),0) | G82: =IF(Geometry!$C$82="hanging",IF(Inputs!$J$162="",1,Inputs!$J$162),0) | H82: =IF(Geometry!$C$82="hanging",IF(Geometry!$F$82>0,INDEX(Geometry!$D$58:$D$137,Geometry!$F$82),0),Geometry!$D$82) | I82: =IF(Geometry!$C$82="hanging",IF(Geometry!$F$82>0,INDEX(Geometry!$E$58:$E$137,Geometry!$F$82)-Geometry!$G$82,0),Geometry!$E$82) | J82: =IF(AND(Geometry!$B$26=1,Geometry!$A$82=1,Geometry!$B$82=Geometry!$B$20),1,0) | K82: =Geometry!$H$82 | L82: =IF(Geometry!$J$82=1,Geometry!$B$25-Geometry!$B$19,Geometry!$I$82)
A83: =Inputs!$A$163 | B83: =IF(Geometry!$A$83=1,Inputs!$B$163&"","") | C83: =IF(Geometry!$A$83=1,Inputs!$D$163&"","") | D83: =IF(Geometry!$C$83="boom_local",Geometry!$B$17+Inputs!$G$163*Geometry!$B$14-Inputs!$H$163*Geometry!$B$15,IF(Geometry!$C$83="global",Inputs!$E$163,0)) | E83: =IF(Geometry!$C$83="boom_local",Geometry!$B$18+Inputs!$G$163*Geometry!$B$15+Inputs!$H$163*Geometry!$B$14,IF(Geometry!$C$83="global",Inputs!$F$163,0)) | F83: =IF(AND(Geometry!$C$83="hanging",Inputs!$I$163<>""),IFERROR(MATCH(Inputs!$I$163&"",Geometry!$B$58:$B$137,0),0),0) | G83: =IF(Geometry!$C$83="hanging",IF(Inputs!$J$163="",1,Inputs!$J$163),0) | H83: =IF(Geometry!$C$83="hanging",IF(Geometry!$F$83>0,INDEX(Geometry!$D$58:$D$137,Geometry!$F$83),0),Geometry!$D$83) | I83: =IF(Geometry!$C$83="hanging",IF(Geometry!$F$83>0,INDEX(Geometry!$E$58:$E$137,Geometry!$F$83)-Geometry!$G$83,0),Geometry!$E$83) | J83: =IF(AND(Geometry!$B$26=1,Geometry!$A$83=1,Geometry!$B$83=Geometry!$B$20),1,0) | K83: =Geometry!$H$83 | L83: =IF(Geometry!$J$83=1,Geometry!$B$25-Geometry!$B$19,Geometry!$I$83)
A84: =Inputs!$A$164 | B84: =IF(Geometry!$A$84=1,Inputs!$B$164&"","") | C84: =IF(Geometry!$A$84=1,Inputs!$D$164&"","") | D84: =IF(Geometry!$C$84="boom_local",Geometry!$B$17+Inputs!$G$164*Geometry!$B$14-Inputs!$H$164*Geometry!$B$15,IF(Geometry!$C$84="global",Inputs!$E$164,0)) | E84: =IF(Geometry!$C$84="boom_local",Geometry!$B$18+Inputs!$G$164*Geometry!$B$15+Inputs!$H$164*Geometry!$B$14,IF(Geometry!$C$84="global",Inputs!$F$164,0)) | F84: =IF(AND(Geometry!$C$84="hanging",Inputs!$I$164<>""),IFERROR(MATCH(Inputs!$I$164&"",Geometry!$B$58:$B$137,0),0),0) | G84: =IF(Geometry!$C$84="hanging",IF(Inputs!$J$164="",1,Inputs!$J$164),0) | H84: =IF(Geometry!$C$84="hanging",IF(Geometry!$F$84>0,INDEX(Geometry!$D$58:$D$137,Geometry!$F$84),0),Geometry!$D$84) | I84: =IF(Geometry!$C$84="hanging",IF(Geometry!$F$84>0,INDEX(Geometry!$E$58:$E$137,Geometry!$F$84)-Geometry!$G$84,0),Geometry!$E$84) | J84: =IF(AND(Geometry!$B$26=1,Geometry!$A$84=1,Geometry!$B$84=Geometry!$B$20),1,0) | K84: =Geometry!$H$84 | L84: =IF(Geometry!$J$84=1,Geometry!$B$25-Geometry!$B$19,Geometry!$I$84)
A85: =Inputs!$A$165 | B85: =IF(Geometry!$A$85=1,Inputs!$B$165&"","") | C85: =IF(Geometry!$A$85=1,Inputs!$D$165&"","") | D85: =IF(Geometry!$C$85="boom_local",Geometry!$B$17+Inputs!$G$165*Geometry!$B$14-Inputs!$H$165*Geometry!$B$15,IF(Geometry!$C$85="global",Inputs!$E$165,0)) | E85: =IF(Geometry!$C$85="boom_local",Geometry!$B$18+Inputs!$G$165*Geometry!$B$15+Inputs!$H$165*Geometry!$B$14,IF(Geometry!$C$85="global",Inputs!$F$165,0)) | F85: =IF(AND(Geometry!$C$85="hanging",Inputs!$I$165<>""),IFERROR(MATCH(Inputs!$I$165&"",Geometry!$B$58:$B$137,0),0),0) | G85: =IF(Geometry!$C$85="hanging",IF(Inputs!$J$165="",1,Inputs!$J$165),0) | H85: =IF(Geometry!$C$85="hanging",IF(Geometry!$F$85>0,INDEX(Geometry!$D$58:$D$137,Geometry!$F$85),0),Geometry!$D$85) | I85: =IF(Geometry!$C$85="hanging",IF(Geometry!$F$85>0,INDEX(Geometry!$E$58:$E$137,Geometry!$F$85)-Geometry!$G$85,0),Geometry!$E$85) | J85: =IF(AND(Geometry!$B$26=1,Geometry!$A$85=1,Geometry!$B$85=Geometry!$B$20),1,0) | K85: =Geometry!$H$85 | L85: =IF(Geometry!$J$85=1,Geometry!$B$25-Geometry!$B$19,Geometry!$I$85)
A86: =Inputs!$A$166 | B86: =IF(Geometry!$A$86=1,Inputs!$B$166&"","") | C86: =IF(Geometry!$A$86=1,Inputs!$D$166&"","") | D86: =IF(Geometry!$C$86="boom_local",Geometry!$B$17+Inputs!$G$166*Geometry!$B$14-Inputs!$H$166*Geometry!$B$15,IF(Geometry!$C$86="global",Inputs!$E$166,0)) | E86: =IF(Geometry!$C$86="boom_local",Geometry!$B$18+Inputs!$G$166*Geometry!$B$15+Inputs!$H$166*Geometry!$B$14,IF(Geometry!$C$86="global",Inputs!$F$166,0)) | F86: =IF(AND(Geometry!$C$86="hanging",Inputs!$I$166<>""),IFERROR(MATCH(Inputs!$I$166&"",Geometry!$B$58:$B$137,0),0),0) | G86: =IF(Geometry!$C$86="hanging",IF(Inputs!$J$166="",1,Inputs!$J$166),0) | H86: =IF(Geometry!$C$86="hanging",IF(Geometry!$F$86>0,INDEX(Geometry!$D$58:$D$137,Geometry!$F$86),0),Geometry!$D$86) | I86: =IF(Geometry!$C$86="hanging",IF(Geometry!$F$86>0,INDEX(Geometry!$E$58:$E$137,Geometry!$F$86)-Geometry!$G$86,0),Geometry!$E$86) | J86: =IF(AND(Geometry!$B$26=1,Geometry!$A$86=1,Geometry!$B$86=Geometry!$B$20),1,0) | K86: =Geometry!$H$86 | L86: =IF(Geometry!$J$86=1,Geometry!$B$25-Geometry!$B$19,Geometry!$I$86)
A87: =Inputs!$A$167 | B87: =IF(Geometry!$A$87=1,Inputs!$B$167&"","") | C87: =IF(Geometry!$A$87=1,Inputs!$D$167&"","") | D87: =IF(Geometry!$C$87="boom_local",Geometry!$B$17+Inputs!$G$167*Geometry!$B$14-Inputs!$H$167*Geometry!$B$15,IF(Geometry!$C$87="global",Inputs!$E$167,0)) | E87: =IF(Geometry!$C$87="boom_local",Geometry!$B$18+Inputs!$G$167*Geometry!$B$15+Inputs!$H$167*Geometry!$B$14,IF(Geometry!$C$87="global",Inputs!$F$167,0)) | F87: =IF(AND(Geometry!$C$87="hanging",Inputs!$I$167<>""),IFERROR(MATCH(Inputs!$I$167&"",Geometry!$B$58:$B$137,0),0),0) | G87: =IF(Geometry!$C$87="hanging",IF(Inputs!$J$167="",1,Inputs!$J$167),0) | H87: =IF(Geometry!$C$87="hanging",IF(Geometry!$F$87>0,INDEX(Geometry!$D$58:$D$137,Geometry!$F$87),0),Geometry!$D$87) | I87: =IF(Geometry!$C$87="hanging",IF(Geometry!$F$87>0,INDEX(Geometry!$E$58:$E$137,Geometry!$F$87)-Geometry!$G$87,0),Geometry!$E$87) | J87: =IF(AND(Geometry!$B$26=1,Geometry!$A$87=1,Geometry!$B$87=Geometry!$B$20),1,0) | K87: =Geometry!$H$87 | L87: =IF(Geometry!$J$87=1,Geometry!$B$25-Geometry!$B$19,Geometry!$I$87)
A88: =Inputs!$A$168 | B88: =IF(Geometry!$A$88=1,Inputs!$B$168&"","") | C88: =IF(Geometry!$A$88=1,Inputs!$D$168&"","") | D88: =IF(Geometry!$C$88="boom_local",Geometry!$B$17+Inputs!$G$168*Geometry!$B$14-Inputs!$H$168*Geometry!$B$15,IF(Geometry!$C$88="global",Inputs!$E$168,0)) | E88: =IF(Geometry!$C$88="boom_local",Geometry!$B$18+Inputs!$G$168*Geometry!$B$15+Inputs!$H$168*Geometry!$B$14,IF(Geometry!$C$88="global",Inputs!$F$168,0)) | F88: =IF(AND(Geometry!$C$88="hanging",Inputs!$I$168<>""),IFERROR(MATCH(Inputs!$I$168&"",Geometry!$B$58:$B$137,0),0),0) | G88: =IF(Geometry!$C$88="hanging",IF(Inputs!$J$168="",1,Inputs!$J$168),0) | H88: =IF(Geometry!$C$88="hanging",IF(Geometry!$F$88>0,INDEX(Geometry!$D$58:$D$137,Geometry!$F$88),0),Geometry!$D$88) | I88: =IF(Geometry!$C$88="hanging",IF(Geometry!$F$88>0,INDEX(Geometry!$E$58:$E$137,Geometry!$F$88)-Geometry!$G$88,0),Geometry!$E$88) | J88: =IF(AND(Geometry!$B$26=1,Geometry!$A$88=1,Geometry!$B$88=Geometry!$B$20),1,0) | K88: =Geometry!$H$88 | L88: =IF(Geometry!$J$88=1,Geometry!$B$25-Geometry!$B$19,Geometry!$I$88)
A89: =Inputs!$A$169 | B89: =IF(Geometry!$A$89=1,Inputs!$B$169&"","") | C89: =IF(Geometry!$A$89=1,Inputs!$D$169&"","") | D89: =IF(Geometry!$C$89="boom_local",Geometry!$B$17+Inputs!$G$169*Geometry!$B$14-Inputs!$H$169*Geometry!$B$15,IF(Geometry!$C$89="global",Inputs!$E$169,0)) | E89: =IF(Geometry!$C$89="boom_local",Geometry!$B$18+Inputs!$G$169*Geometry!$B$15+Inputs!$H$169*Geometry!$B$14,IF(Geometry!$C$89="global",Inputs!$F$169,0)) | F89: =IF(AND(Geometry!$C$89="hanging",Inputs!$I$169<>""),IFERROR(MATCH(Inputs!$I$169&"",Geometry!$B$58:$B$137,0),0),0) | G89: =IF(Geometry!$C$89="hanging",IF(Inputs!$J$169="",1,Inputs!$J$169),0) | H89: =IF(Geometry!$C$89="hanging",IF(Geometry!$F$89>0,INDEX(Geometry!$D$58:$D$137,Geometry!$F$89),0),Geometry!$D$89) | I89: =IF(Geometry!$C$89="hanging",IF(Geometry!$F$89>0,INDEX(Geometry!$E$58:$E$137,Geometry!$F$89)-Geometry!$G$89,0),Geometry!$E$89) | J89: =IF(AND(Geometry!$B$26=1,Geometry!$A$89=1,Geometry!$B$89=Geometry!$B$20),1,0) | K89: =Geometry!$H$89 | L89: =IF(Geometry!$J$89=1,Geometry!$B$25-Geometry!$B$19,Geometry!$I$89)
A90: =Inputs!$A$170 | B90: =IF(Geometry!$A$90=1,Inputs!$B$170&"","") | C90: =IF(Geometry!$A$90=1,Inputs!$D$170&"","") | D90: =IF(Geometry!$C$90="boom_local",Geometry!$B$17+Inputs!$G$170*Geometry!$B$14-Inputs!$H$170*Geometry!$B$15,IF(Geometry!$C$90="global",Inputs!$E$170,0)) | E90: =IF(Geometry!$C$90="boom_local",Geometry!$B$18+Inputs!$G$170*Geometry!$B$15+Inputs!$H$170*Geometry!$B$14,IF(Geometry!$C$90="global",Inputs!$F$170,0)) | F90: =IF(AND(Geometry!$C$90="hanging",Inputs!$I$170<>""),IFERROR(MATCH(Inputs!$I$170&"",Geometry!$B$58:$B$137,0),0),0) | G90: =IF(Geometry!$C$90="hanging",IF(Inputs!$J$170="",1,Inputs!$J$170),0) | H90: =IF(Geometry!$C$90="hanging",IF(Geometry!$F$90>0,INDEX(Geometry!$D$58:$D$137,Geometry!$F$90),0),Geometry!$D$90) | I90: =IF(Geometry!$C$90="hanging",IF(Geometry!$F$90>0,INDEX(Geometry!$E$58:$E$137,Geometry!$F$90)-Geometry!$G$90,0),Geometry!$E$90) | J90: =IF(AND(Geometry!$B$26=1,Geometry!$A$90=1,Geometry!$B$90=Geometry!$B$20),1,0) | K90: =Geometry!$H$90 | L90: =IF(Geometry!$J$90=1,Geometry!$B$25-Geometry!$B$19,Geometry!$I$90)
A91: =Inputs!$A$171 | B91: =IF(Geometry!$A$91=1,Inputs!$B$171&"","") | C91: =IF(Geometry!$A$91=1,Inputs!$D$171&"","") | D91: =IF(Geometry!$C$91="boom_local",Geometry!$B$17+Inputs!$G$171*Geometry!$B$14-Inputs!$H$171*Geometry!$B$15,IF(Geometry!$C$91="global",Inputs!$E$171,0)) | E91: =IF(Geometry!$C$91="boom_local",Geometry!$B$18+Inputs!$G$171*Geometry!$B$15+Inputs!$H$171*Geometry!$B$14,IF(Geometry!$C$91="global",Inputs!$F$171,0)) | F91: =IF(AND(Geometry!$C$91="hanging",Inputs!$I$171<>""),IFERROR(MATCH(Inputs!$I$171&"",Geometry!$B$58:$B$137,0),0),0) | G91: =IF(Geometry!$C$91="hanging",IF(Inputs!$J$171="",1,Inputs!$J$171),0) | H91: =IF(Geometry!$C$91="hanging",IF(Geometry!$F$91>0,INDEX(Geometry!$D$58:$D$137,Geometry!$F$91),0),Geometry!$D$91) | I91: =IF(Geometry!$C$91="hanging",IF(Geometry!$F$91>0,INDEX(Geometry!$E$58:$E$137,Geometry!$F$91)-Geometry!$G$91,0),Geometry!$E$91) | J91: =IF(AND(Geometry!$B$26=1,Geometry!$A$91=1,Geometry!$B$91=Geometry!$B$20),1,0) | K91: =Geometry!$H$91 | L91: =IF(Geometry!$J$91=1,Geometry!$B$25-Geometry!$B$19,Geometry!$I$91)
A92: =Inputs!$A$172 | B92: =IF(Geometry!$A$92=1,Inputs!$B$172&"","") | C92: =IF(Geometry!$A$92=1,Inputs!$D$172&"","") | D92: =IF(Geometry!$C$92="boom_local",Geometry!$B$17+Inputs!$G$172*Geometry!$B$14-Inputs!$H$172*Geometry!$B$15,IF(Geometry!$C$92="global",Inputs!$E$172,0)) | E92: =IF(Geometry!$C$92="boom_local",Geometry!$B$18+Inputs!$G$172*Geometry!$B$15+Inputs!$H$172*Geometry!$B$14,IF(Geometry!$C$92="global",Inputs!$F$172,0)) | F92: =IF(AND(Geometry!$C$92="hanging",Inputs!$I$172<>""),IFERROR(MATCH(Inputs!$I$172&"",Geometry!$B$58:$B$137,0),0),0) | G92: =IF(Geometry!$C$92="hanging",IF(Inputs!$J$172="",1,Inputs!$J$172),0) | H92: =IF(Geometry!$C$92="hanging",IF(Geometry!$F$92>0,INDEX(Geometry!$D$58:$D$137,Geometry!$F$92),0),Geometry!$D$92) | I92: =IF(Geometry!$C$92="hanging",IF(Geometry!$F$92>0,INDEX(Geometry!$E$58:$E$137,Geometry!$F$92)-Geometry!$G$92,0),Geometry!$E$92) | J92: =IF(AND(Geometry!$B$26=1,Geometry!$A$92=1,Geometry!$B$92=Geometry!$B$20),1,0) | K92: =Geometry!$H$92 | L92: =IF(Geometry!$J$92=1,Geometry!$B$25-Geometry!$B$19,Geometry!$I$92)
A93: =Inputs!$A$173 | B93: =IF(Geometry!$A$93=1,Inputs!$B$173&"","") | C93: =IF(Geometry!$A$93=1,Inputs!$D$173&"","") | D93: =IF(Geometry!$C$93="boom_local",Geometry!$B$17+Inputs!$G$173*Geometry!$B$14-Inputs!$H$173*Geometry!$B$15,IF(Geometry!$C$93="global",Inputs!$E$173,0)) | E93: =IF(Geometry!$C$93="boom_local",Geometry!$B$18+Inputs!$G$173*Geometry!$B$15+Inputs!$H$173*Geometry!$B$14,IF(Geometry!$C$93="global",Inputs!$F$173,0)) | F93: =IF(AND(Geometry!$C$93="hanging",Inputs!$I$173<>""),IFERROR(MATCH(Inputs!$I$173&"",Geometry!$B$58:$B$137,0),0),0) | G93: =IF(Geometry!$C$93="hanging",IF(Inputs!$J$173="",1,Inputs!$J$173),0) | H93: =IF(Geometry!$C$93="hanging",IF(Geometry!$F$93>0,INDEX(Geometry!$D$58:$D$137,Geometry!$F$93),0),Geometry!$D$93) | I93: =IF(Geometry!$C$93="hanging",IF(Geometry!$F$93>0,INDEX(Geometry!$E$58:$E$137,Geometry!$F$93)-Geometry!$G$93,0),Geometry!$E$93) | J93: =IF(AND(Geometry!$B$26=1,Geometry!$A$93=1,Geometry!$B$93=Geometry!$B$20),1,0) | K93: =Geometry!$H$93 | L93: =IF(Geometry!$J$93=1,Geometry!$B$25-Geometry!$B$19,Geometry!$I$93)
A94: =Inputs!$A$174 | B94: =IF(Geometry!$A$94=1,Inputs!$B$174&"","") | C94: =IF(Geometry!$A$94=1,Inputs!$D$174&"","") | D94: =IF(Geometry!$C$94="boom_local",Geometry!$B$17+Inputs!$G$174*Geometry!$B$14-Inputs!$H$174*Geometry!$B$15,IF(Geometry!$C$94="global",Inputs!$E$174,0)) | E94: =IF(Geometry!$C$94="boom_local",Geometry!$B$18+Inputs!$G$174*Geometry!$B$15+Inputs!$H$174*Geometry!$B$14,IF(Geometry!$C$94="global",Inputs!$F$174,0)) | F94: =IF(AND(Geometry!$C$94="hanging",Inputs!$I$174<>""),IFERROR(MATCH(Inputs!$I$174&"",Geometry!$B$58:$B$137,0),0),0) | G94: =IF(Geometry!$C$94="hanging",IF(Inputs!$J$174="",1,Inputs!$J$174),0) | H94: =IF(Geometry!$C$94="hanging",IF(Geometry!$F$94>0,INDEX(Geometry!$D$58:$D$137,Geometry!$F$94),0),Geometry!$D$94) | I94: =IF(Geometry!$C$94="hanging",IF(Geometry!$F$94>0,INDEX(Geometry!$E$58:$E$137,Geometry!$F$94)-Geometry!$G$94,0),Geometry!$E$94) | J94: =IF(AND(Geometry!$B$26=1,Geometry!$A$94=1,Geometry!$B$94=Geometry!$B$20),1,0) | K94: =Geometry!$H$94 | L94: =IF(Geometry!$J$94=1,Geometry!$B$25-Geometry!$B$19,Geometry!$I$94)
A95: =Inputs!$A$175 | B95: =IF(Geometry!$A$95=1,Inputs!$B$175&"","") | C95: =IF(Geometry!$A$95=1,Inputs!$D$175&"","") | D95: =IF(Geometry!$C$95="boom_local",Geometry!$B$17+Inputs!$G$175*Geometry!$B$14-Inputs!$H$175*Geometry!$B$15,IF(Geometry!$C$95="global",Inputs!$E$175,0)) | E95: =IF(Geometry!$C$95="boom_local",Geometry!$B$18+Inputs!$G$175*Geometry!$B$15+Inputs!$H$175*Geometry!$B$14,IF(Geometry!$C$95="global",Inputs!$F$175,0)) | F95: =IF(AND(Geometry!$C$95="hanging",Inputs!$I$175<>""),IFERROR(MATCH(Inputs!$I$175&"",Geometry!$B$58:$B$137,0),0),0) | G95: =IF(Geometry!$C$95="hanging",IF(Inputs!$J$175="",1,Inputs!$J$175),0) | H95: =IF(Geometry!$C$95="hanging",IF(Geometry!$F$95>0,INDEX(Geometry!$D$58:$D$137,Geometry!$F$95),0),Geometry!$D$95) | I95: =IF(Geometry!$C$95="hanging",IF(Geometry!$F$95>0,INDEX(Geometry!$E$58:$E$137,Geometry!$F$95)-Geometry!$G$95,0),Geometry!$E$95) | J95: =IF(AND(Geometry!$B$26=1,Geometry!$A$95=1,Geometry!$B$95=Geometry!$B$20),1,0) | K95: =Geometry!$H$95 | L95: =IF(Geometry!$J$95=1,Geometry!$B$25-Geometry!$B$19,Geometry!$I$95)
A96: =Inputs!$A$176 | B96: =IF(Geometry!$A$96=1,Inputs!$B$176&"","") | C96: =IF(Geometry!$A$96=1,Inputs!$D$176&"","") | D96: =IF(Geometry!$C$96="boom_local",Geometry!$B$17+Inputs!$G$176*Geometry!$B$14-Inputs!$H$176*Geometry!$B$15,IF(Geometry!$C$96="global",Inputs!$E$176,0)) | E96: =IF(Geometry!$C$96="boom_local",Geometry!$B$18+Inputs!$G$176*Geometry!$B$15+Inputs!$H$176*Geometry!$B$14,IF(Geometry!$C$96="global",Inputs!$F$176,0)) | F96: =IF(AND(Geometry!$C$96="hanging",Inputs!$I$176<>""),IFERROR(MATCH(Inputs!$I$176&"",Geometry!$B$58:$B$137,0),0),0) | G96: =IF(Geometry!$C$96="hanging",IF(Inputs!$J$176="",1,Inputs!$J$176),0) | H96: =IF(Geometry!$C$96="hanging",IF(Geometry!$F$96>0,INDEX(Geometry!$D$58:$D$137,Geometry!$F$96),0),Geometry!$D$96) | I96: =IF(Geometry!$C$96="hanging",IF(Geometry!$F$96>0,INDEX(Geometry!$E$58:$E$137,Geometry!$F$96)-Geometry!$G$96,0),Geometry!$E$96) | J96: =IF(AND(Geometry!$B$26=1,Geometry!$A$96=1,Geometry!$B$96=Geometry!$B$20),1,0) | K96: =Geometry!$H$96 | L96: =IF(Geometry!$J$96=1,Geometry!$B$25-Geometry!$B$19,Geometry!$I$96)
A97: =Inputs!$A$177 | B97: =IF(Geometry!$A$97=1,Inputs!$B$177&"","") | C97: =IF(Geometry!$A$97=1,Inputs!$D$177&"","") | D97: =IF(Geometry!$C$97="boom_local",Geometry!$B$17+Inputs!$G$177*Geometry!$B$14-Inputs!$H$177*Geometry!$B$15,IF(Geometry!$C$97="global",Inputs!$E$177,0)) | E97: =IF(Geometry!$C$97="boom_local",Geometry!$B$18+Inputs!$G$177*Geometry!$B$15+Inputs!$H$177*Geometry!$B$14,IF(Geometry!$C$97="global",Inputs!$F$177,0)) | F97: =IF(AND(Geometry!$C$97="hanging",Inputs!$I$177<>""),IFERROR(MATCH(Inputs!$I$177&"",Geometry!$B$58:$B$137,0),0),0) | G97: =IF(Geometry!$C$97="hanging",IF(Inputs!$J$177="",1,Inputs!$J$177),0) | H97: =IF(Geometry!$C$97="hanging",IF(Geometry!$F$97>0,INDEX(Geometry!$D$58:$D$137,Geometry!$F$97),0),Geometry!$D$97) | I97: =IF(Geometry!$C$97="hanging",IF(Geometry!$F$97>0,INDEX(Geometry!$E$58:$E$137,Geometry!$F$97)-Geometry!$G$97,0),Geometry!$E$97) | J97: =IF(AND(Geometry!$B$26=1,Geometry!$A$97=1,Geometry!$B$97=Geometry!$B$20),1,0) | K97: =Geometry!$H$97 | L97: =IF(Geometry!$J$97=1,Geometry!$B$25-Geometry!$B$19,Geometry!$I$97)
A98: =Inputs!$A$178 | B98: =IF(Geometry!$A$98=1,Inputs!$B$178&"","") | C98: =IF(Geometry!$A$98=1,Inputs!$D$178&"","") | D98: =IF(Geometry!$C$98="boom_local",Geometry!$B$17+Inputs!$G$178*Geometry!$B$14-Inputs!$H$178*Geometry!$B$15,IF(Geometry!$C$98="global",Inputs!$E$178,0)) | E98: =IF(Geometry!$C$98="boom_local",Geometry!$B$18+Inputs!$G$178*Geometry!$B$15+Inputs!$H$178*Geometry!$B$14,IF(Geometry!$C$98="global",Inputs!$F$178,0)) | F98: =IF(AND(Geometry!$C$98="hanging",Inputs!$I$178<>""),IFERROR(MATCH(Inputs!$I$178&"",Geometry!$B$58:$B$137,0),0),0) | G98: =IF(Geometry!$C$98="hanging",IF(Inputs!$J$178="",1,Inputs!$J$178),0) | H98: =IF(Geometry!$C$98="hanging",IF(Geometry!$F$98>0,INDEX(Geometry!$D$58:$D$137,Geometry!$F$98),0),Geometry!$D$98) | I98: =IF(Geometry!$C$98="hanging",IF(Geometry!$F$98>0,INDEX(Geometry!$E$58:$E$137,Geometry!$F$98)-Geometry!$G$98,0),Geometry!$E$98) | J98: =IF(AND(Geometry!$B$26=1,Geometry!$A$98=1,Geometry!$B$98=Geometry!$B$20),1,0) | K98: =Geometry!$H$98 | L98: =IF(Geometry!$J$98=1,Geometry!$B$25-Geometry!$B$19,Geometry!$I$98)
A99: =Inputs!$A$179 | B99: =IF(Geometry!$A$99=1,Inputs!$B$179&"","") | C99: =IF(Geometry!$A$99=1,Inputs!$D$179&"","") | D99: =IF(Geometry!$C$99="boom_local",Geometry!$B$17+Inputs!$G$179*Geometry!$B$14-Inputs!$H$179*Geometry!$B$15,IF(Geometry!$C$99="global",Inputs!$E$179,0)) | E99: =IF(Geometry!$C$99="boom_local",Geometry!$B$18+Inputs!$G$179*Geometry!$B$15+Inputs!$H$179*Geometry!$B$14,IF(Geometry!$C$99="global",Inputs!$F$179,0)) | F99: =IF(AND(Geometry!$C$99="hanging",Inputs!$I$179<>""),IFERROR(MATCH(Inputs!$I$179&"",Geometry!$B$58:$B$137,0),0),0) | G99: =IF(Geometry!$C$99="hanging",IF(Inputs!$J$179="",1,Inputs!$J$179),0) | H99: =IF(Geometry!$C$99="hanging",IF(Geometry!$F$99>0,INDEX(Geometry!$D$58:$D$137,Geometry!$F$99),0),Geometry!$D$99) | I99: =IF(Geometry!$C$99="hanging",IF(Geometry!$F$99>0,INDEX(Geometry!$E$58:$E$137,Geometry!$F$99)-Geometry!$G$99,0),Geometry!$E$99) | J99: =IF(AND(Geometry!$B$26=1,Geometry!$A$99=1,Geometry!$B$99=Geometry!$B$20),1,0) | K99: =Geometry!$H$99 | L99: =IF(Geometry!$J$99=1,Geometry!$B$25-Geometry!$B$19,Geometry!$I$99)
A100: =Inputs!$A$180 | B100: =IF(Geometry!$A$100=1,Inputs!$B$180&"","") | C100: =IF(Geometry!$A$100=1,Inputs!$D$180&"","") | D100: =IF(Geometry!$C$100="boom_local",Geometry!$B$17+Inputs!$G$180*Geometry!$B$14-Inputs!$H$180*Geometry!$B$15,IF(Geometry!$C$100="global",Inputs!$E$180,0)) | E100: =IF(Geometry!$C$100="boom_local",Geometry!$B$18+Inputs!$G$180*Geometry!$B$15+Inputs!$H$180*Geometry!$B$14,IF(Geometry!$C$100="global",Inputs!$F$180,0)) | F100: =IF(AND(Geometry!$C$100="hanging",Inputs!$I$180<>""),IFERROR(MATCH(Inputs!$I$180&"",Geometry!$B$58:$B$137,0),0),0) | G100: =IF(Geometry!$C$100="hanging",IF(Inputs!$J$180="",1,Inputs!$J$180),0) | H100: =IF(Geometry!$C$100="hanging",IF(Geometry!$F$100>0,INDEX(Geometry!$D$58:$D$137,Geometry!$F$100),0),Geometry!$D$100) | I100: =IF(Geometry!$C$100="hanging",IF(Geometry!$F$100>0,INDEX(Geometry!$E$58:$E$137,Geometry!$F$100)-Geometry!$G$100,0),Geometry!$E$100) | J100: =IF(AND(Geometry!$B$26=1,Geometry!$A$100=1,Geometry!$B$100=Geometry!$B$20),1,0) | K100: =Geometry!$H$100 | L100: =IF(Geometry!$J$100=1,Geometry!$B$25-Geometry!$B$19,Geometry!$I$100)
A101: =Inputs!$A$181 | B101: =IF(Geometry!$A$101=1,Inputs!$B$181&"","") | C101: =IF(Geometry!$A$101=1,Inputs!$D$181&"","") | D101: =IF(Geometry!$C$101="boom_local",Geometry!$B$17+Inputs!$G$181*Geometry!$B$14-Inputs!$H$181*Geometry!$B$15,IF(Geometry!$C$101="global",Inputs!$E$181,0)) | E101: =IF(Geometry!$C$101="boom_local",Geometry!$B$18+Inputs!$G$181*Geometry!$B$15+Inputs!$H$181*Geometry!$B$14,IF(Geometry!$C$101="global",Inputs!$F$181,0)) | F101: =IF(AND(Geometry!$C$101="hanging",Inputs!$I$181<>""),IFERROR(MATCH(Inputs!$I$181&"",Geometry!$B$58:$B$137,0),0),0) | G101: =IF(Geometry!$C$101="hanging",IF(Inputs!$J$181="",1,Inputs!$J$181),0) | H101: =IF(Geometry!$C$101="hanging",IF(Geometry!$F$101>0,INDEX(Geometry!$D$58:$D$137,Geometry!$F$101),0),Geometry!$D$101) | I101: =IF(Geometry!$C$101="hanging",IF(Geometry!$F$101>0,INDEX(Geometry!$E$58:$E$137,Geometry!$F$101)-Geometry!$G$101,0),Geometry!$E$101) | J101: =IF(AND(Geometry!$B$26=1,Geometry!$A$101=1,Geometry!$B$101=Geometry!$B$20),1,0) | K101: =Geometry!$H$101 | L101: =IF(Geometry!$J$101=1,Geometry!$B$25-Geometry!$B$19,Geometry!$I$101)
A102: =Inputs!$A$182 | B102: =IF(Geometry!$A$102=1,Inputs!$B$182&"","") | C102: =IF(Geometry!$A$102=1,Inputs!$D$182&"","") | D102: =IF(Geometry!$C$102="boom_local",Geometry!$B$17+Inputs!$G$182*Geometry!$B$14-Inputs!$H$182*Geometry!$B$15,IF(Geometry!$C$102="global",Inputs!$E$182,0)) | E102: =IF(Geometry!$C$102="boom_local",Geometry!$B$18+Inputs!$G$182*Geometry!$B$15+Inputs!$H$182*Geometry!$B$14,IF(Geometry!$C$102="global",Inputs!$F$182,0)) | F102: =IF(AND(Geometry!$C$102="hanging",Inputs!$I$182<>""),IFERROR(MATCH(Inputs!$I$182&"",Geometry!$B$58:$B$137,0),0),0) | G102: =IF(Geometry!$C$102="hanging",IF(Inputs!$J$182="",1,Inputs!$J$182),0) | H102: =IF(Geometry!$C$102="hanging",IF(Geometry!$F$102>0,INDEX(Geometry!$D$58:$D$137,Geometry!$F$102),0),Geometry!$D$102) | I102: =IF(Geometry!$C$102="hanging",IF(Geometry!$F$102>0,INDEX(Geometry!$E$58:$E$137,Geometry!$F$102)-Geometry!$G$102,0),Geometry!$E$102) | J102: =IF(AND(Geometry!$B$26=1,Geometry!$A$102=1,Geometry!$B$102=Geometry!$B$20),1,0) | K102: =Geometry!$H$102 | L102: =IF(Geometry!$J$102=1,Geometry!$B$25-Geometry!$B$19,Geometry!$I$102)
A103: =Inputs!$A$183 | B103: =IF(Geometry!$A$103=1,Inputs!$B$183&"","") | C103: =IF(Geometry!$A$103=1,Inputs!$D$183&"","") | D103: =IF(Geometry!$C$103="boom_local",Geometry!$B$17+Inputs!$G$183*Geometry!$B$14-Inputs!$H$183*Geometry!$B$15,IF(Geometry!$C$103="global",Inputs!$E$183,0)) | E103: =IF(Geometry!$C$103="boom_local",Geometry!$B$18+Inputs!$G$183*Geometry!$B$15+Inputs!$H$183*Geometry!$B$14,IF(Geometry!$C$103="global",Inputs!$F$183,0)) | F103: =IF(AND(Geometry!$C$103="hanging",Inputs!$I$183<>""),IFERROR(MATCH(Inputs!$I$183&"",Geometry!$B$58:$B$137,0),0),0) | G103: =IF(Geometry!$C$103="hanging",IF(Inputs!$J$183="",1,Inputs!$J$183),0) | H103: =IF(Geometry!$C$103="hanging",IF(Geometry!$F$103>0,INDEX(Geometry!$D$58:$D$137,Geometry!$F$103),0),Geometry!$D$103) | I103: =IF(Geometry!$C$103="hanging",IF(Geometry!$F$103>0,INDEX(Geometry!$E$58:$E$137,Geometry!$F$103)-Geometry!$G$103,0),Geometry!$E$103) | J103: =IF(AND(Geometry!$B$26=1,Geometry!$A$103=1,Geometry!$B$103=Geometry!$B$20),1,0) | K103: =Geometry!$H$103 | L103: =IF(Geometry!$J$103=1,Geometry!$B$25-Geometry!$B$19,Geometry!$I$103)
A104: =Inputs!$A$184 | B104: =IF(Geometry!$A$104=1,Inputs!$B$184&"","") | C104: =IF(Geometry!$A$104=1,Inputs!$D$184&"","") | D104: =IF(Geometry!$C$104="boom_local",Geometry!$B$17+Inputs!$G$184*Geometry!$B$14-Inputs!$H$184*Geometry!$B$15,IF(Geometry!$C$104="global",Inputs!$E$184,0)) | E104: =IF(Geometry!$C$104="boom_local",Geometry!$B$18+Inputs!$G$184*Geometry!$B$15+Inputs!$H$184*Geometry!$B$14,IF(Geometry!$C$104="global",Inputs!$F$184,0)) | F104: =IF(AND(Geometry!$C$104="hanging",Inputs!$I$184<>""),IFERROR(MATCH(Inputs!$I$184&"",Geometry!$B$58:$B$137,0),0),0) | G104: =IF(Geometry!$C$104="hanging",IF(Inputs!$J$184="",1,Inputs!$J$184),0) | H104: =IF(Geometry!$C$104="hanging",IF(Geometry!$F$104>0,INDEX(Geometry!$D$58:$D$137,Geometry!$F$104),0),Geometry!$D$104) | I104: =IF(Geometry!$C$104="hanging",IF(Geometry!$F$104>0,INDEX(Geometry!$E$58:$E$137,Geometry!$F$104)-Geometry!$G$104,0),Geometry!$E$104) | J104: =IF(AND(Geometry!$B$26=1,Geometry!$A$104=1,Geometry!$B$104=Geometry!$B$20),1,0) | K104: =Geometry!$H$104 | L104: =IF(Geometry!$J$104=1,Geometry!$B$25-Geometry!$B$19,Geometry!$I$104)
A105: =Inputs!$A$185 | B105: =IF(Geometry!$A$105=1,Inputs!$B$185&"","") | C105: =IF(Geometry!$A$105=1,Inputs!$D$185&"","") | D105: =IF(Geometry!$C$105="boom_local",Geometry!$B$17+Inputs!$G$185*Geometry!$B$14-Inputs!$H$185*Geometry!$B$15,IF(Geometry!$C$105="global",Inputs!$E$185,0)) | E105: =IF(Geometry!$C$105="boom_local",Geometry!$B$18+Inputs!$G$185*Geometry!$B$15+Inputs!$H$185*Geometry!$B$14,IF(Geometry!$C$105="global",Inputs!$F$185,0)) | F105: =IF(AND(Geometry!$C$105="hanging",Inputs!$I$185<>""),IFERROR(MATCH(Inputs!$I$185&"",Geometry!$B$58:$B$137,0),0),0) | G105: =IF(Geometry!$C$105="hanging",IF(Inputs!$J$185="",1,Inputs!$J$185),0) | H105: =IF(Geometry!$C$105="hanging",IF(Geometry!$F$105>0,INDEX(Geometry!$D$58:$D$137,Geometry!$F$105),0),Geometry!$D$105) | I105: =IF(Geometry!$C$105="hanging",IF(Geometry!$F$105>0,INDEX(Geometry!$E$58:$E$137,Geometry!$F$105)-Geometry!$G$105,0),Geometry!$E$105) | J105: =IF(AND(Geometry!$B$26=1,Geometry!$A$105=1,Geometry!$B$105=Geometry!$B$20),1,0) | K105: =Geometry!$H$105 | L105: =IF(Geometry!$J$105=1,Geometry!$B$25-Geometry!$B$19,Geometry!$I$105)
...

Sheet Loads
A1: Loads -- in-plane loads on the four bodies
A3: In-plane (x, z) loads on the four bodies, row by row, as the solver accumulates them (calculation/solver/crane_solver.py _accumulate_loads). Moments are about the origin: M = x Fz - z Fx.
A4: Mass load = weight m g' (Gravity) + inertia -m (a' + lever x pitch') (Inertia); their sum is the solver's inertia_force with k = g - a. dx = x - x_ref, dz = z - z_ref.
A5: Rope self-weight is lumped at nodes (calculation/rope_mass.py rope_mass_at_nodes) and loaded like a mass point (gravity + inertia, column group 'rope weight').
A6: Rope tension: the scene hoist's rope carries hook load / parts at the hook; an idle hoist's rope m_hook (|g| + az') / parts (az' = solver_az on Geometry). The solve (boom hoist) rope has an unknown tension: its unit-tension coefficients bh_* are listed and Statics multiplies them by the solved tension.
A7: Parts at the hook = sum of the multipliers of the rope's active segments touching the hook node (min 1), as the solver does outside split mode; the hoists' Falls column is not used here (equal to those parts for 22689).
A8: Split-block mode is NOT supported: the hoists' splitable / split falls / split hook mass columns are ignored (the app's normal mode).
A9: Spare and inactive rows read 0; a zero-length segment carries no force.
A12: Scene values used by the loads
A13: Vessel motion reference x | B13: =Inputs!$B$8+0 | C13: m | D13: ref_x_m
A14: Vessel motion reference z | B14: =Inputs!$B$9+0 | C14: m | D14: ref_z_m
A15: Gravity x, crane frame (g') | B15: =Geometry!$B$40 | C15: m/s^2 | D15: gx -- Geometry
A16: Gravity z, crane frame (g') | B16: =Geometry!$B$42 | C16: m/s^2 | D16: gz -- Geometry
A17: Vessel acceleration x, crane frame (a') | B17: =Geometry!$B$43 | C17: m/s^2 | D17: ax -- Geometry
A18: Vessel acceleration z, crane frame (a') | B18: =Geometry!$B$45 | C18: m/s^2 | D18: az -- Geometry
A19: Pitch angular acceleration, crane frame | B19: =Geometry!$B$52 | C19: rad/s^2 | D19: pitch -- Geometry
A20: Idle rope acceleration |g| + solver_az | B20: =Geometry!$B$29+Geometry!$B$51 | C20: m/s^2 | D20: idle_accel
A21: In-plane wind sign | B21: =IF(Inputs!$B$32=0,0,IF(Inputs!$B$33="+X",1,IF(Inputs!$B$33="-X",-1,IF(OR(Inputs!$B$33="+Y",Inputs!$B$33="-Y"),0,1)))) | C21: +1/-1/0 | D21: wind_sign -- +X: 1, -X: -1, +Y/-Y: 0
A22: 0.5 rho V^2 / 1000 | B22: =0.5*Inputs!$B$6*Inputs!$B$32^2/1000 | C22: kN/m^2 | D22: wind_q_kN_m2
A23: |sin(boom angle)| (body boom areas) | B23: =ABS(Geometry!$B$15) | D23: boom_wind_scale
A24: Hook load | B24: =Inputs!$B$28+0 | C24: kN | D24: hook_kN -- scene value, as the solver uses it
A25: Offlead force sin(offlead) x hook load | B25: =SIN(RADIANS(Inputs!$B$30))*Loads!$B$24 | C25: kN | D25: offlead_fx_kN -- +x
A26: Row of the hook node in nodes | B26: =Geometry!$B$21 | C26: row | D26: hook_row -- 0 = missing
A27: Row of the offlead node (hook's parent, else the hook) | B27: =IF(Loads!$B$26=0,0,IF(Geometry!$B$22="",Loads!$B$26,IFERROR(MATCH(Geometry!$B$22,Geometry!$B$58:$B$137,0),Loads!$B$26))) | C27: row | D27: anchor_row -- 0 = missing
A28: Rope of the scene hoist | B28: =IFERROR(INDEX(Loads!$C$139:$C$146,MATCH(Inputs!$B$26,Loads!$B$139:$B$146,0))&"","") | D28: scene_rope_id
A30: Mass points (row i = Inputs mass points row i)
A31: Active [1/0] | B31: Body | C31: x global [m] | D31: z global [m] | E31: Mass [t] | F31: Weight Fx = m gx' [kN] | G31: Weight Fz = m gz' [kN] | H31: Weight moment [kNm] | I31: Inertia Fx = -m (ax' + pitch' dz) [kN] | J31: Inertia Fz = -m (az' - pitch' dx) [kN] | K31: Inertia moment [kNm] | L31: Fx total [kN] | M31: Fz total [kN] | N31: Moment total [kNm]
A32: active (from Inputs) | B32: body | C32: x_m (boom-local rotated about the heel) | D32: z_m | E32: mass_t | F32: grav_fx | G32: grav_fz | H32: grav_m | I32: inertia_fx | J32: inertia_fz | K32: inertia_m | L32: fx (crane_solver inertia_force) | M32: fz | N32: m
A33: =Inputs!$A$46 | B33: =IF(Loads!$A$33=1,Inputs!$C$46&"","") | C33: =IF(Loads!$A$33=1,IF(Inputs!$D$46="boom_local",Geometry!$B$17+Inputs!$F$46*Geometry!$B$14-Inputs!$H$46*Geometry!$B$15,Inputs!$I$46+0),0) | D33: =IF(Loads!$A$33=1,IF(Inputs!$D$46="boom_local",Geometry!$B$18+Inputs!$F$46*Geometry!$B$15+Inputs!$H$46*Geometry!$B$14,Inputs!$K$46+0),0) | E33: =IF(Loads!$A$33=1,Inputs!$E$46+0,0) | F33: =Loads!$E$33*Loads!$B$15 | G33: =Loads!$E$33*Loads!$B$16 | H33: =Loads!$C$33*Loads!$G$33-Loads!$D$33*Loads!$F$33 | I33: =-Loads!$E$33*(Loads!$B$17+Loads!$B$19*(Loads!$D$33-Loads!$B$14)) | J33: =-Loads!$E$33*(Loads!$B$18-Loads!$B$19*(Loads!$C$33-Loads!$B$13)) | K33: =Loads!$C$33*Loads!$J$33-Loads!$D$33*Loads!$I$33 | L33: =Loads!$F$33+Loads!$I$33 | M33: =Loads!$G$33+Loads!$J$33 | N33: =Loads!$H$33+Loads!$K$33
A34: =Inputs!$A$47 | B34: =IF(Loads!$A$34=1,Inputs!$C$47&"","") | C34: =IF(Loads!$A$34=1,IF(Inputs!$D$47="boom_local",Geometry!$B$17+Inputs!$F$47*Geometry!$B$14-Inputs!$H$47*Geometry!$B$15,Inputs!$I$47+0),0) | D34: =IF(Loads!$A$34=1,IF(Inputs!$D$47="boom_local",Geometry!$B$18+Inputs!$F$47*Geometry!$B$15+Inputs!$H$47*Geometry!$B$14,Inputs!$K$47+0),0) | E34: =IF(Loads!$A$34=1,Inputs!$E$47+0,0) | F34: =Loads!$E$34*Loads!$B$15 | G34: =Loads!$E$34*Loads!$B$16 | H34: =Loads!$C$34*Loads!$G$34-Loads!$D$34*Loads!$F$34 | I34: =-Loads!$E$34*(Loads!$B$17+Loads!$B$19*(Loads!$D$34-Loads!$B$14)) | J34: =-Loads!$E$34*(Loads!$B$18-Loads!$B$19*(Loads!$C$34-Loads!$B$13)) | K34: =Loads!$C$34*Loads!$J$34-Loads!$D$34*Loads!$I$34 | L34: =Loads!$F$34+Loads!$I$34 | M34: =Loads!$G$34+Loads!$J$34 | N34: =Loads!$H$34+Loads!$K$34
A35: =Inputs!$A$48 | B35: =IF(Loads!$A$35=1,Inputs!$C$48&"","") | C35: =IF(Loads!$A$35=1,IF(Inputs!$D$48="boom_local",Geometry!$B$17+Inputs!$F$48*Geometry!$B$14-Inputs!$H$48*Geometry!$B$15,Inputs!$I$48+0),0) | D35: =IF(Loads!$A$35=1,IF(Inputs!$D$48="boom_local",Geometry!$B$18+Inputs!$F$48*Geometry!$B$15+Inputs!$H$48*Geometry!$B$14,Inputs!$K$48+0),0) | E35: =IF(Loads!$A$35=1,Inputs!$E$48+0,0) | F35: =Loads!$E$35*Loads!$B$15 | G35: =Loads!$E$35*Loads!$B$16 | H35: =Loads!$C$35*Loads!$G$35-Loads!$D$35*Loads!$F$35 | I35: =-Loads!$E$35*(Loads!$B$17+Loads!$B$19*(Loads!$D$35-Loads!$B$14)) | J35: =-Loads!$E$35*(Loads!$B$18-Loads!$B$19*(Loads!$C$35-Loads!$B$13)) | K35: =Loads!$C$35*Loads!$J$35-Loads!$D$35*Loads!$I$35 | L35: =Loads!$F$35+Loads!$I$35 | M35: =Loads!$G$35+Loads!$J$35 | N35: =Loads!$H$35+Loads!$K$35
A36: =Inputs!$A$49 | B36: =IF(Loads!$A$36=1,Inputs!$C$49&"","") | C36: =IF(Loads!$A$36=1,IF(Inputs!$D$49="boom_local",Geometry!$B$17+Inputs!$F$49*Geometry!$B$14-Inputs!$H$49*Geometry!$B$15,Inputs!$I$49+0),0) | D36: =IF(Loads!$A$36=1,IF(Inputs!$D$49="boom_local",Geometry!$B$18+Inputs!$F$49*Geometry!$B$15+Inputs!$H$49*Geometry!$B$14,Inputs!$K$49+0),0) | E36: =IF(Loads!$A$36=1,Inputs!$E$49+0,0) | F36: =Loads!$E$36*Loads!$B$15 | G36: =Loads!$E$36*Loads!$B$16 | H36: =Loads!$C$36*Loads!$G$36-Loads!$D$36*Loads!$F$36 | I36: =-Loads!$E$36*(Loads!$B$17+Loads!$B$19*(Loads!$D$36-Loads!$B$14)) | J36: =-Loads!$E$36*(Loads!$B$18-Loads!$B$19*(Loads!$C$36-Loads!$B$13)) | K36: =Loads!$C$36*Loads!$J$36-Loads!$D$36*Loads!$I$36 | L36: =Loads!$F$36+Loads!$I$36 | M36: =Loads!$G$36+Loads!$J$36 | N36: =Loads!$H$36+Loads!$K$36
A37: =Inputs!$A$50 | B37: =IF(Loads!$A$37=1,Inputs!$C$50&"","") | C37: =IF(Loads!$A$37=1,IF(Inputs!$D$50="boom_local",Geometry!$B$17+Inputs!$F$50*Geometry!$B$14-Inputs!$H$50*Geometry!$B$15,Inputs!$I$50+0),0) | D37: =IF(Loads!$A$37=1,IF(Inputs!$D$50="boom_local",Geometry!$B$18+Inputs!$F$50*Geometry!$B$15+Inputs!$H$50*Geometry!$B$14,Inputs!$K$50+0),0) | E37: =IF(Loads!$A$37=1,Inputs!$E$50+0,0) | F37: =Loads!$E$37*Loads!$B$15 | G37: =Loads!$E$37*Loads!$B$16 | H37: =Loads!$C$37*Loads!$G$37-Loads!$D$37*Loads!$F$37 | I37: =-Loads!$E$37*(Loads!$B$17+Loads!$B$19*(Loads!$D$37-Loads!$B$14)) | J37: =-Loads!$E$37*(Loads!$B$18-Loads!$B$19*(Loads!$C$37-Loads!$B$13)) | K37: =Loads!$C$37*Loads!$J$37-Loads!$D$37*Loads!$I$37 | L37: =Loads!$F$37+Loads!$I$37 | M37: =Loads!$G$37+Loads!$J$37 | N37: =Loads!$H$37+Loads!$K$37
A38: =Inputs!$A$51 | B38: =IF(Loads!$A$38=1,Inputs!$C$51&"","") | C38: =IF(Loads!$A$38=1,IF(Inputs!$D$51="boom_local",Geometry!$B$17+Inputs!$F$51*Geometry!$B$14-Inputs!$H$51*Geometry!$B$15,Inputs!$I$51+0),0) | D38: =IF(Loads!$A$38=1,IF(Inputs!$D$51="boom_local",Geometry!$B$18+Inputs!$F$51*Geometry!$B$15+Inputs!$H$51*Geometry!$B$14,Inputs!$K$51+0),0) | E38: =IF(Loads!$A$38=1,Inputs!$E$51+0,0) | F38: =Loads!$E$38*Loads!$B$15 | G38: =Loads!$E$38*Loads!$B$16 | H38: =Loads!$C$38*Loads!$G$38-Loads!$D$38*Loads!$F$38 | I38: =-Loads!$E$38*(Loads!$B$17+Loads!$B$19*(Loads!$D$38-Loads!$B$14)) | J38: =-Loads!$E$38*(Loads!$B$18-Loads!$B$19*(Loads!$C$38-Loads!$B$13)) | K38: =Loads!$C$38*Loads!$J$38-Loads!$D$38*Loads!$I$38 | L38: =Loads!$F$38+Loads!$I$38 | M38: =Loads!$G$38+Loads!$J$38 | N38: =Loads!$H$38+Loads!$K$38
A39: =Inputs!$A$52 | B39: =IF(Loads!$A$39=1,Inputs!$C$52&"","") | C39: =IF(Loads!$A$39=1,IF(Inputs!$D$52="boom_local",Geometry!$B$17+Inputs!$F$52*Geometry!$B$14-Inputs!$H$52*Geometry!$B$15,Inputs!$I$52+0),0) | D39: =IF(Loads!$A$39=1,IF(Inputs!$D$52="boom_local",Geometry!$B$18+Inputs!$F$52*Geometry!$B$15+Inputs!$H$52*Geometry!$B$14,Inputs!$K$52+0),0) | E39: =IF(Loads!$A$39=1,Inputs!$E$52+0,0) | F39: =Loads!$E$39*Loads!$B$15 | G39: =Loads!$E$39*Loads!$B$16 | H39: =Loads!$C$39*Loads!$G$39-Loads!$D$39*Loads!$F$39 | I39: =-Loads!$E$39*(Loads!$B$17+Loads!$B$19*(Loads!$D$39-Loads!$B$14)) | J39: =-Loads!$E$39*(Loads!$B$18-Loads!$B$19*(Loads!$C$39-Loads!$B$13)) | K39: =Loads!$C$39*Loads!$J$39-Loads!$D$39*Loads!$I$39 | L39: =Loads!$F$39+Loads!$I$39 | M39: =Loads!$G$39+Loads!$J$39 | N39: =Loads!$H$39+Loads!$K$39
A40: =Inputs!$A$53 | B40: =IF(Loads!$A$40=1,Inputs!$C$53&"","") | C40: =IF(Loads!$A$40=1,IF(Inputs!$D$53="boom_local",Geometry!$B$17+Inputs!$F$53*Geometry!$B$14-Inputs!$H$53*Geometry!$B$15,Inputs!$I$53+0),0) | D40: =IF(Loads!$A$40=1,IF(Inputs!$D$53="boom_local",Geometry!$B$18+Inputs!$F$53*Geometry!$B$15+Inputs!$H$53*Geometry!$B$14,Inputs!$K$53+0),0) | E40: =IF(Loads!$A$40=1,Inputs!$E$53+0,0) | F40: =Loads!$E$40*Loads!$B$15 | G40: =Loads!$E$40*Loads!$B$16 | H40: =Loads!$C$40*Loads!$G$40-Loads!$D$40*Loads!$F$40 | I40: =-Loads!$E$40*(Loads!$B$17+Loads!$B$19*(Loads!$D$40-Loads!$B$14)) | J40: =-Loads!$E$40*(Loads!$B$18-Loads!$B$19*(Loads!$C$40-Loads!$B$13)) | K40: =Loads!$C$40*Loads!$J$40-Loads!$D$40*Loads!$I$40 | L40: =Loads!$F$40+Loads!$I$40 | M40: =Loads!$G$40+Loads!$J$40 | N40: =Loads!$H$40+Loads!$K$40
A41: =Inputs!$A$54 | B41: =IF(Loads!$A$41=1,Inputs!$C$54&"","") | C41: =IF(Loads!$A$41=1,IF(Inputs!$D$54="boom_local",Geometry!$B$17+Inputs!$F$54*Geometry!$B$14-Inputs!$H$54*Geometry!$B$15,Inputs!$I$54+0),0) | D41: =IF(Loads!$A$41=1,IF(Inputs!$D$54="boom_local",Geometry!$B$18+Inputs!$F$54*Geometry!$B$15+Inputs!$H$54*Geometry!$B$14,Inputs!$K$54+0),0) | E41: =IF(Loads!$A$41=1,Inputs!$E$54+0,0) | F41: =Loads!$E$41*Loads!$B$15 | G41: =Loads!$E$41*Loads!$B$16 | H41: =Loads!$C$41*Loads!$G$41-Loads!$D$41*Loads!$F$41 | I41: =-Loads!$E$41*(Loads!$B$17+Loads!$B$19*(Loads!$D$41-Loads!$B$14)) | J41: =-Loads!$E$41*(Loads!$B$18-Loads!$B$19*(Loads!$C$41-Loads!$B$13)) | K41: =Loads!$C$41*Loads!$J$41-Loads!$D$41*Loads!$I$41 | L41: =Loads!$F$41+Loads!$I$41 | M41: =Loads!$G$41+Loads!$J$41 | N41: =Loads!$H$41+Loads!$K$41
A42: =Inputs!$A$55 | B42: =IF(Loads!$A$42=1,Inputs!$C$55&"","") | C42: =IF(Loads!$A$42=1,IF(Inputs!$D$55="boom_local",Geometry!$B$17+Inputs!$F$55*Geometry!$B$14-Inputs!$H$55*Geometry!$B$15,Inputs!$I$55+0),0) | D42: =IF(Loads!$A$42=1,IF(Inputs!$D$55="boom_local",Geometry!$B$18+Inputs!$F$55*Geometry!$B$15+Inputs!$H$55*Geometry!$B$14,Inputs!$K$55+0),0) | E42: =IF(Loads!$A$42=1,Inputs!$E$55+0,0) | F42: =Loads!$E$42*Loads!$B$15 | G42: =Loads!$E$42*Loads!$B$16 | H42: =Loads!$C$42*Loads!$G$42-Loads!$D$42*Loads!$F$42 | I42: =-Loads!$E$42*(Loads!$B$17+Loads!$B$19*(Loads!$D$42-Loads!$B$14)) | J42: =-Loads!$E$42*(Loads!$B$18-Loads!$B$19*(Loads!$C$42-Loads!$B$13)) | K42: =Loads!$C$42*Loads!$J$42-Loads!$D$42*Loads!$I$42 | L42: =Loads!$F$42+Loads!$I$42 | M42: =Loads!$G$42+Loads!$J$42 | N42: =Loads!$H$42+Loads!$K$42
A43: =Inputs!$A$56 | B43: =IF(Loads!$A$43=1,Inputs!$C$56&"","") | C43: =IF(Loads!$A$43=1,IF(Inputs!$D$56="boom_local",Geometry!$B$17+Inputs!$F$56*Geometry!$B$14-Inputs!$H$56*Geometry!$B$15,Inputs!$I$56+0),0) | D43: =IF(Loads!$A$43=1,IF(Inputs!$D$56="boom_local",Geometry!$B$18+Inputs!$F$56*Geometry!$B$15+Inputs!$H$56*Geometry!$B$14,Inputs!$K$56+0),0) | E43: =IF(Loads!$A$43=1,Inputs!$E$56+0,0) | F43: =Loads!$E$43*Loads!$B$15 | G43: =Loads!$E$43*Loads!$B$16 | H43: =Loads!$C$43*Loads!$G$43-Loads!$D$43*Loads!$F$43 | I43: =-Loads!$E$43*(Loads!$B$17+Loads!$B$19*(Loads!$D$43-Loads!$B$14)) | J43: =-Loads!$E$43*(Loads!$B$18-Loads!$B$19*(Loads!$C$43-Loads!$B$13)) | K43: =Loads!$C$43*Loads!$J$43-Loads!$D$43*Loads!$I$43 | L43: =Loads!$F$43+Loads!$I$43 | M43: =Loads!$G$43+Loads!$J$43 | N43: =Loads!$H$43+Loads!$K$43
A44: =Inputs!$A$57 | B44: =IF(Loads!$A$44=1,Inputs!$C$57&"","") | C44: =IF(Loads!$A$44=1,IF(Inputs!$D$57="boom_local",Geometry!$B$17+Inputs!$F$57*Geometry!$B$14-Inputs!$H$57*Geometry!$B$15,Inputs!$I$57+0),0) | D44: =IF(Loads!$A$44=1,IF(Inputs!$D$57="boom_local",Geometry!$B$18+Inputs!$F$57*Geometry!$B$15+Inputs!$H$57*Geometry!$B$14,Inputs!$K$57+0),0) | E44: =IF(Loads!$A$44=1,Inputs!$E$57+0,0) | F44: =Loads!$E$44*Loads!$B$15 | G44: =Loads!$E$44*Loads!$B$16 | H44: =Loads!$C$44*Loads!$G$44-Loads!$D$44*Loads!$F$44 | I44: =-Loads!$E$44*(Loads!$B$17+Loads!$B$19*(Loads!$D$44-Loads!$B$14)) | J44: =-Loads!$E$44*(Loads!$B$18-Loads!$B$19*(Loads!$C$44-Loads!$B$13)) | K44: =Loads!$C$44*Loads!$J$44-Loads!$D$44*Loads!$I$44 | L44: =Loads!$F$44+Loads!$I$44 | M44: =Loads!$G$44+Loads!$J$44 | N44: =Loads!$H$44+Loads!$K$44
A45: =Inputs!$A$58 | B45: =IF(Loads!$A$45=1,Inputs!$C$58&"","") | C45: =IF(Loads!$A$45=1,IF(Inputs!$D$58="boom_local",Geometry!$B$17+Inputs!$F$58*Geometry!$B$14-Inputs!$H$58*Geometry!$B$15,Inputs!$I$58+0),0) | D45: =IF(Loads!$A$45=1,IF(Inputs!$D$58="boom_local",Geometry!$B$18+Inputs!$F$58*Geometry!$B$15+Inputs!$H$58*Geometry!$B$14,Inputs!$K$58+0),0) | E45: =IF(Loads!$A$45=1,Inputs!$E$58+0,0) | F45: =Loads!$E$45*Loads!$B$15 | G45: =Loads!$E$45*Loads!$B$16 | H45: =Loads!$C$45*Loads!$G$45-Loads!$D$45*Loads!$F$45 | I45: =-Loads!$E$45*(Loads!$B$17+Loads!$B$19*(Loads!$D$45-Loads!$B$14)) | J45: =-Loads!$E$45*(Loads!$B$18-Loads!$B$19*(Loads!$C$45-Loads!$B$13)) | K45: =Loads!$C$45*Loads!$J$45-Loads!$D$45*Loads!$I$45 | L45: =Loads!$F$45+Loads!$I$45 | M45: =Loads!$G$45+Loads!$J$45 | N45: =Loads!$H$45+Loads!$K$45
A46: =Inputs!$A$59 | B46: =IF(Loads!$A$46=1,Inputs!$C$59&"","") | C46: =IF(Loads!$A$46=1,IF(Inputs!$D$59="boom_local",Geometry!$B$17+Inputs!$F$59*Geometry!$B$14-Inputs!$H$59*Geometry!$B$15,Inputs!$I$59+0),0) | D46: =IF(Loads!$A$46=1,IF(Inputs!$D$59="boom_local",Geometry!$B$18+Inputs!$F$59*Geometry!$B$15+Inputs!$H$59*Geometry!$B$14,Inputs!$K$59+0),0) | E46: =IF(Loads!$A$46=1,Inputs!$E$59+0,0) | F46: =Loads!$E$46*Loads!$B$15 | G46: =Loads!$E$46*Loads!$B$16 | H46: =Loads!$C$46*Loads!$G$46-Loads!$D$46*Loads!$F$46 | I46: =-Loads!$E$46*(Loads!$B$17+Loads!$B$19*(Loads!$D$46-Loads!$B$14)) | J46: =-Loads!$E$46*(Loads!$B$18-Loads!$B$19*(Loads!$C$46-Loads!$B$13)) | K46: =Loads!$C$46*Loads!$J$46-Loads!$D$46*Loads!$I$46 | L46: =Loads!$F$46+Loads!$I$46 | M46: =Loads!$G$46+Loads!$J$46 | N46: =Loads!$H$46+Loads!$K$46
A47: =Inputs!$A$60 | B47: =IF(Loads!$A$47=1,Inputs!$C$60&"","") | C47: =IF(Loads!$A$47=1,IF(Inputs!$D$60="boom_local",Geometry!$B$17+Inputs!$F$60*Geometry!$B$14-Inputs!$H$60*Geometry!$B$15,Inputs!$I$60+0),0) | D47: =IF(Loads!$A$47=1,IF(Inputs!$D$60="boom_local",Geometry!$B$18+Inputs!$F$60*Geometry!$B$15+Inputs!$H$60*Geometry!$B$14,Inputs!$K$60+0),0) | E47: =IF(Loads!$A$47=1,Inputs!$E$60+0,0) | F47: =Loads!$E$47*Loads!$B$15 | G47: =Loads!$E$47*Loads!$B$16 | H47: =Loads!$C$47*Loads!$G$47-Loads!$D$47*Loads!$F$47 | I47: =-Loads!$E$47*(Loads!$B$17+Loads!$B$19*(Loads!$D$47-Loads!$B$14)) | J47: =-Loads!$E$47*(Loads!$B$18-Loads!$B$19*(Loads!$C$47-Loads!$B$13)) | K47: =Loads!$C$47*Loads!$J$47-Loads!$D$47*Loads!$I$47 | L47: =Loads!$F$47+Loads!$I$47 | M47: =Loads!$G$47+Loads!$J$47 | N47: =Loads!$H$47+Loads!$K$47
A48: =Inputs!$A$61 | B48: =IF(Loads!$A$48=1,Inputs!$C$61&"","") | C48: =IF(Loads!$A$48=1,IF(Inputs!$D$61="boom_local",Geometry!$B$17+Inputs!$F$61*Geometry!$B$14-Inputs!$H$61*Geometry!$B$15,Inputs!$I$61+0),0) | D48: =IF(Loads!$A$48=1,IF(Inputs!$D$61="boom_local",Geometry!$B$18+Inputs!$F$61*Geometry!$B$15+Inputs!$H$61*Geometry!$B$14,Inputs!$K$61+0),0) | E48: =IF(Loads!$A$48=1,Inputs!$E$61+0,0) | F48: =Loads!$E$48*Loads!$B$15 | G48: =Loads!$E$48*Loads!$B$16 | H48: =Loads!$C$48*Loads!$G$48-Loads!$D$48*Loads!$F$48 | I48: =-Loads!$E$48*(Loads!$B$17+Loads!$B$19*(Loads!$D$48-Loads!$B$14)) | J48: =-Loads!$E$48*(Loads!$B$18-Loads!$B$19*(Loads!$C$48-Loads!$B$13)) | K48: =Loads!$C$48*Loads!$J$48-Loads!$D$48*Loads!$I$48 | L48: =Loads!$F$48+Loads!$I$48 | M48: =Loads!$G$48+Loads!$J$48 | N48: =Loads!$H$48+Loads!$K$48
A49: =Inputs!$A$62 | B49: =IF(Loads!$A$49=1,Inputs!$C$62&"","") | C49: =IF(Loads!$A$49=1,IF(Inputs!$D$62="boom_local",Geometry!$B$17+Inputs!$F$62*Geometry!$B$14-Inputs!$H$62*Geometry!$B$15,Inputs!$I$62+0),0) | D49: =IF(Loads!$A$49=1,IF(Inputs!$D$62="boom_local",Geometry!$B$18+Inputs!$F$62*Geometry!$B$15+Inputs!$H$62*Geometry!$B$14,Inputs!$K$62+0),0) | E49: =IF(Loads!$A$49=1,Inputs!$E$62+0,0) | F49: =Loads!$E$49*Loads!$B$15 | G49: =Loads!$E$49*Loads!$B$16 | H49: =Loads!$C$49*Loads!$G$49-Loads!$D$49*Loads!$F$49 | I49: =-Loads!$E$49*(Loads!$B$17+Loads!$B$19*(Loads!$D$49-Loads!$B$14)) | J49: =-Loads!$E$49*(Loads!$B$18-Loads!$B$19*(Loads!$C$49-Loads!$B$13)) | K49: =Loads!$C$49*Loads!$J$49-Loads!$D$49*Loads!$I$49 | L49: =Loads!$F$49+Loads!$I$49 | M49: =Loads!$G$49+Loads!$J$49 | N49: =Loads!$H$49+Loads!$K$49
A50: =Inputs!$A$63 | B50: =IF(Loads!$A$50=1,Inputs!$C$63&"","") | C50: =IF(Loads!$A$50=1,IF(Inputs!$D$63="boom_local",Geometry!$B$17+Inputs!$F$63*Geometry!$B$14-Inputs!$H$63*Geometry!$B$15,Inputs!$I$63+0),0) | D50: =IF(Loads!$A$50=1,IF(Inputs!$D$63="boom_local",Geometry!$B$18+Inputs!$F$63*Geometry!$B$15+Inputs!$H$63*Geometry!$B$14,Inputs!$K$63+0),0) | E50: =IF(Loads!$A$50=1,Inputs!$E$63+0,0) | F50: =Loads!$E$50*Loads!$B$15 | G50: =Loads!$E$50*Loads!$B$16 | H50: =Loads!$C$50*Loads!$G$50-Loads!$D$50*Loads!$F$50 | I50: =-Loads!$E$50*(Loads!$B$17+Loads!$B$19*(Loads!$D$50-Loads!$B$14)) | J50: =-Loads!$E$50*(Loads!$B$18-Loads!$B$19*(Loads!$C$50-Loads!$B$13)) | K50: =Loads!$C$50*Loads!$J$50-Loads!$D$50*Loads!$I$50 | L50: =Loads!$F$50+Loads!$I$50 | M50: =Loads!$G$50+Loads!$J$50 | N50: =Loads!$H$50+Loads!$K$50
A51: =Inputs!$A$64 | B51: =IF(Loads!$A$51=1,Inputs!$C$64&"","") | C51: =IF(Loads!$A$51=1,IF(Inputs!$D$64="boom_local",Geometry!$B$17+Inputs!$F$64*Geometry!$B$14-Inputs!$H$64*Geometry!$B$15,Inputs!$I$64+0),0) | D51: =IF(Loads!$A$51=1,IF(Inputs!$D$64="boom_local",Geometry!$B$18+Inputs!$F$64*Geometry!$B$15+Inputs!$H$64*Geometry!$B$14,Inputs!$K$64+0),0) | E51: =IF(Loads!$A$51=1,Inputs!$E$64+0,0) | F51: =Loads!$E$51*Loads!$B$15 | G51: =Loads!$E$51*Loads!$B$16 | H51: =Loads!$C$51*Loads!$G$51-Loads!$D$51*Loads!$F$51 | I51: =-Loads!$E$51*(Loads!$B$17+Loads!$B$19*(Loads!$D$51-Loads!$B$14)) | J51: =-Loads!$E$51*(Loads!$B$18-Loads!$B$19*(Loads!$C$51-Loads!$B$13)) | K51: =Loads!$C$51*Loads!$J$51-Loads!$D$51*Loads!$I$51 | L51: =Loads!$F$51+Loads!$I$51 | M51: =Loads!$G$51+Loads!$J$51 | N51: =Loads!$H$51+Loads!$K$51
A52: =Inputs!$A$65 | B52: =IF(Loads!$A$52=1,Inputs!$C$65&"","") | C52: =IF(Loads!$A$52=1,IF(Inputs!$D$65="boom_local",Geometry!$B$17+Inputs!$F$65*Geometry!$B$14-Inputs!$H$65*Geometry!$B$15,Inputs!$I$65+0),0) | D52: =IF(Loads!$A$52=1,IF(Inputs!$D$65="boom_local",Geometry!$B$18+Inputs!$F$65*Geometry!$B$15+Inputs!$H$65*Geometry!$B$14,Inputs!$K$65+0),0) | E52: =IF(Loads!$A$52=1,Inputs!$E$65+0,0) | F52: =Loads!$E$52*Loads!$B$15 | G52: =Loads!$E$52*Loads!$B$16 | H52: =Loads!$C$52*Loads!$G$52-Loads!$D$52*Loads!$F$52 | I52: =-Loads!$E$52*(Loads!$B$17+Loads!$B$19*(Loads!$D$52-Loads!$B$14)) | J52: =-Loads!$E$52*(Loads!$B$18-Loads!$B$19*(Loads!$C$52-Loads!$B$13)) | K52: =Loads!$C$52*Loads!$J$52-Loads!$D$52*Loads!$I$52 | L52: =Loads!$F$52+Loads!$I$52 | M52: =Loads!$G$52+Loads!$J$52 | N52: =Loads!$H$52+Loads!$K$52
A53: =Inputs!$A$66 | B53: =IF(Loads!$A$53=1,Inputs!$C$66&"","") | C53: =IF(Loads!$A$53=1,IF(Inputs!$D$66="boom_local",Geometry!$B$17+Inputs!$F$66*Geometry!$B$14-Inputs!$H$66*Geometry!$B$15,Inputs!$I$66+0),0) | D53: =IF(Loads!$A$53=1,IF(Inputs!$D$66="boom_local",Geometry!$B$18+Inputs!$F$66*Geometry!$B$15+Inputs!$H$66*Geometry!$B$14,Inputs!$K$66+0),0) | E53: =IF(Loads!$A$53=1,Inputs!$E$66+0,0) | F53: =Loads!$E$53*Loads!$B$15 | G53: =Loads!$E$53*Loads!$B$16 | H53: =Loads!$C$53*Loads!$G$53-Loads!$D$53*Loads!$F$53 | I53: =-Loads!$E$53*(Loads!$B$17+Loads!$B$19*(Loads!$D$53-Loads!$B$14)) | J53: =-Loads!$E$53*(Loads!$B$18-Loads!$B$19*(Loads!$C$53-Loads!$B$13)) | K53: =Loads!$C$53*Loads!$J$53-Loads!$D$53*Loads!$I$53 | L53: =Loads!$F$53+Loads!$I$53 | M53: =Loads!$G$53+Loads!$J$53 | N53: =Loads!$H$53+Loads!$K$53
A54: =Inputs!$A$67 | B54: =IF(Loads!$A$54=1,Inputs!$C$67&"","") | C54: =IF(Loads!$A$54=1,IF(Inputs!$D$67="boom_local",Geometry!$B$17+Inputs!$F$67*Geometry!$B$14-Inputs!$H$67*Geometry!$B$15,Inputs!$I$67+0),0) | D54: =IF(Loads!$A$54=1,IF(Inputs!$D$67="boom_local",Geometry!$B$18+Inputs!$F$67*Geometry!$B$15+Inputs!$H$67*Geometry!$B$14,Inputs!$K$67+0),0) | E54: =IF(Loads!$A$54=1,Inputs!$E$67+0,0) | F54: =Loads!$E$54*Loads!$B$15 | G54: =Loads!$E$54*Loads!$B$16 | H54: =Loads!$C$54*Loads!$G$54-Loads!$D$54*Loads!$F$54 | I54: =-Loads!$E$54*(Loads!$B$17+Loads!$B$19*(Loads!$D$54-Loads!$B$14)) | J54: =-Loads!$E$54*(Loads!$B$18-Loads!$B$19*(Loads!$C$54-Loads!$B$13)) | K54: =Loads!$C$54*Loads!$J$54-Loads!$D$54*Loads!$I$54 | L54: =Loads!$F$54+Loads!$I$54 | M54: =Loads!$G$54+Loads!$J$54 | N54: =Loads!$H$54+Loads!$K$54
A55: =Inputs!$A$68 | B55: =IF(Loads!$A$55=1,Inputs!$C$68&"","") | C55: =IF(Loads!$A$55=1,IF(Inputs!$D$68="boom_local",Geometry!$B$17+Inputs!$F$68*Geometry!$B$14-Inputs!$H$68*Geometry!$B$15,Inputs!$I$68+0),0) | D55: =IF(Loads!$A$55=1,IF(Inputs!$D$68="boom_local",Geometry!$B$18+Inputs!$F$68*Geometry!$B$15+Inputs!$H$68*Geometry!$B$14,Inputs!$K$68+0),0) | E55: =IF(Loads!$A$55=1,Inputs!$E$68+0,0) | F55: =Loads!$E$55*Loads!$B$15 | G55: =Loads!$E$55*Loads!$B$16 | H55: =Loads!$C$55*Loads!$G$55-Loads!$D$55*Loads!$F$55 | I55: =-Loads!$E$55*(Loads!$B$17+Loads!$B$19*(Loads!$D$55-Loads!$B$14)) | J55: =-Loads!$E$55*(Loads!$B$18-Loads!$B$19*(Loads!$C$55-Loads!$B$13)) | K55: =Loads!$C$55*Loads!$J$55-Loads!$D$55*Loads!$I$55 | L55: =Loads!$F$55+Loads!$I$55 | M55: =Loads!$G$55+Loads!$J$55 | N55: =Loads!$H$55+Loads!$K$55
A56: =Inputs!$A$69 | B56: =IF(Loads!$A$56=1,Inputs!$C$69&"","") | C56: =IF(Loads!$A$56=1,IF(Inputs!$D$69="boom_local",Geometry!$B$17+Inputs!$F$69*Geometry!$B$14-Inputs!$H$69*Geometry!$B$15,Inputs!$I$69+0),0) | D56: =IF(Loads!$A$56=1,IF(Inputs!$D$69="boom_local",Geometry!$B$18+Inputs!$F$69*Geometry!$B$15+Inputs!$H$69*Geometry!$B$14,Inputs!$K$69+0),0) | E56: =IF(Loads!$A$56=1,Inputs!$E$69+0,0) | F56: =Loads!$E$56*Loads!$B$15 | G56: =Loads!$E$56*Loads!$B$16 | H56: =Loads!$C$56*Loads!$G$56-Loads!$D$56*Loads!$F$56 | I56: =-Loads!$E$56*(Loads!$B$17+Loads!$B$19*(Loads!$D$56-Loads!$B$14)) | J56: =-Loads!$E$56*(Loads!$B$18-Loads!$B$19*(Loads!$C$56-Loads!$B$13)) | K56: =Loads!$C$56*Loads!$J$56-Loads!$D$56*Loads!$I$56 | L56: =Loads!$F$56+Loads!$I$56 | M56: =Loads!$G$56+Loads!$J$56 | N56: =Loads!$H$56+Loads!$K$56
A57: =Inputs!$A$70 | B57: =IF(Loads!$A$57=1,Inputs!$C$70&"","") | C57: =IF(Loads!$A$57=1,IF(Inputs!$D$70="boom_local",Geometry!$B$17+Inputs!$F$70*Geometry!$B$14-Inputs!$H$70*Geometry!$B$15,Inputs!$I$70+0),0) | D57: =IF(Loads!$A$57=1,IF(Inputs!$D$70="boom_local",Geometry!$B$18+Inputs!$F$70*Geometry!$B$15+Inputs!$H$70*Geometry!$B$14,Inputs!$K$70+0),0) | E57: =IF(Loads!$A$57=1,Inputs!$E$70+0,0) | F57: =Loads!$E$57*Loads!$B$15 | G57: =Loads!$E$57*Loads!$B$16 | H57: =Loads!$C$57*Loads!$G$57-Loads!$D$57*Loads!$F$57 | I57: =-Loads!$E$57*(Loads!$B$17+Loads!$B$19*(Loads!$D$57-Loads!$B$14)) | J57: =-Loads!$E$57*(Loads!$B$18-Loads!$B$19*(Loads!$C$57-Loads!$B$13)) | K57: =Loads!$C$57*Loads!$J$57-Loads!$D$57*Loads!$I$57 | L57: =Loads!$F$57+Loads!$I$57 | M57: =Loads!$G$57+Loads!$J$57 | N57: =Loads!$H$57+Loads!$K$57
A58: =Inputs!$A$71 | B58: =IF(Loads!$A$58=1,Inputs!$C$71&"","") | C58: =IF(Loads!$A$58=1,IF(Inputs!$D$71="boom_local",Geometry!$B$17+Inputs!$F$71*Geometry!$B$14-Inputs!$H$71*Geometry!$B$15,Inputs!$I$71+0),0) | D58: =IF(Loads!$A$58=1,IF(Inputs!$D$71="boom_local",Geometry!$B$18+Inputs!$F$71*Geometry!$B$15+Inputs!$H$71*Geometry!$B$14,Inputs!$K$71+0),0) | E58: =IF(Loads!$A$58=1,Inputs!$E$71+0,0) | F58: =Loads!$E$58*Loads!$B$15 | G58: =Loads!$E$58*Loads!$B$16 | H58: =Loads!$C$58*Loads!$G$58-Loads!$D$58*Loads!$F$58 | I58: =-Loads!$E$58*(Loads!$B$17+Loads!$B$19*(Loads!$D$58-Loads!$B$14)) | J58: =-Loads!$E$58*(Loads!$B$18-Loads!$B$19*(Loads!$C$58-Loads!$B$13)) | K58: =Loads!$C$58*Loads!$J$58-Loads!$D$58*Loads!$I$58 | L58: =Loads!$F$58+Loads!$I$58 | M58: =Loads!$G$58+Loads!$J$58 | N58: =Loads!$H$58+Loads!$K$58
A59: =Inputs!$A$72 | B59: =IF(Loads!$A$59=1,Inputs!$C$72&"","") | C59: =IF(Loads!$A$59=1,IF(Inputs!$D$72="boom_local",Geometry!$B$17+Inputs!$F$72*Geometry!$B$14-Inputs!$H$72*Geometry!$B$15,Inputs!$I$72+0),0) | D59: =IF(Loads!$A$59=1,IF(Inputs!$D$72="boom_local",Geometry!$B$18+Inputs!$F$72*Geometry!$B$15+Inputs!$H$72*Geometry!$B$14,Inputs!$K$72+0),0) | E59: =IF(Loads!$A$59=1,Inputs!$E$72+0,0) | F59: =Loads!$E$59*Loads!$B$15 | G59: =Loads!$E$59*Loads!$B$16 | H59: =Loads!$C$59*Loads!$G$59-Loads!$D$59*Loads!$F$59 | I59: =-Loads!$E$59*(Loads!$B$17+Loads!$B$19*(Loads!$D$59-Loads!$B$14)) | J59: =-Loads!$E$59*(Loads!$B$18-Loads!$B$19*(Loads!$C$59-Loads!$B$13)) | K59: =Loads!$C$59*Loads!$J$59-Loads!$D$59*Loads!$I$59 | L59: =Loads!$F$59+Loads!$I$59 | M59: =Loads!$G$59+Loads!$J$59 | N59: =Loads!$H$59+Loads!$K$59
A60: =Inputs!$A$73 | B60: =IF(Loads!$A$60=1,Inputs!$C$73&"","") | C60: =IF(Loads!$A$60=1,IF(Inputs!$D$73="boom_local",Geometry!$B$17+Inputs!$F$73*Geometry!$B$14-Inputs!$H$73*Geometry!$B$15,Inputs!$I$73+0),0) | D60: =IF(Loads!$A$60=1,IF(Inputs!$D$73="boom_local",Geometry!$B$18+Inputs!$F$73*Geometry!$B$15+Inputs!$H$73*Geometry!$B$14,Inputs!$K$73+0),0) | E60: =IF(Loads!$A$60=1,Inputs!$E$73+0,0) | F60: =Loads!$E$60*Loads!$B$15 | G60: =Loads!$E$60*Loads!$B$16 | H60: =Loads!$C$60*Loads!$G$60-Loads!$D$60*Loads!$F$60 | I60: =-Loads!$E$60*(Loads!$B$17+Loads!$B$19*(Loads!$D$60-Loads!$B$14)) | J60: =-Loads!$E$60*(Loads!$B$18-Loads!$B$19*(Loads!$C$60-Loads!$B$13)) | K60: =Loads!$C$60*Loads!$J$60-Loads!$D$60*Loads!$I$60 | L60: =Loads!$F$60+Loads!$I$60 | M60: =Loads!$G$60+Loads!$J$60 | N60: =Loads!$H$60+Loads!$K$60
A61: =Inputs!$A$74 | B61: =IF(Loads!$A$61=1,Inputs!$C$74&"","") | C61: =IF(Loads!$A$61=1,IF(Inputs!$D$74="boom_local",Geometry!$B$17+Inputs!$F$74*Geometry!$B$14-Inputs!$H$74*Geometry!$B$15,Inputs!$I$74+0),0) | D61: =IF(Loads!$A$61=1,IF(Inputs!$D$74="boom_local",Geometry!$B$18+Inputs!$F$74*Geometry!$B$15+Inputs!$H$74*Geometry!$B$14,Inputs!$K$74+0),0) | E61: =IF(Loads!$A$61=1,Inputs!$E$74+0,0) | F61: =Loads!$E$61*Loads!$B$15 | G61: =Loads!$E$61*Loads!$B$16 | H61: =Loads!$C$61*Loads!$G$61-Loads!$D$61*Loads!$F$61 | I61: =-Loads!$E$61*(Loads!$B$17+Loads!$B$19*(Loads!$D$61-Loads!$B$14)) | J61: =-Loads!$E$61*(Loads!$B$18-Loads!$B$19*(Loads!$C$61-Loads!$B$13)) | K61: =Loads!$C$61*Loads!$J$61-Loads!$D$61*Loads!$I$61 | L61: =Loads!$F$61+Loads!$I$61 | M61: =Loads!$G$61+Loads!$J$61 | N61: =Loads!$H$61+Loads!$K$61
A62: =Inputs!$A$75 | B62: =IF(Loads!$A$62=1,Inputs!$C$75&"","") | C62: =IF(Loads!$A$62=1,IF(Inputs!$D$75="boom_local",Geometry!$B$17+Inputs!$F$75*Geometry!$B$14-Inputs!$H$75*Geometry!$B$15,Inputs!$I$75+0),0) | D62: =IF(Loads!$A$62=1,IF(Inputs!$D$75="boom_local",Geometry!$B$18+Inputs!$F$75*Geometry!$B$15+Inputs!$H$75*Geometry!$B$14,Inputs!$K$75+0),0) | E62: =IF(Loads!$A$62=1,Inputs!$E$75+0,0) | F62: =Loads!$E$62*Loads!$B$15 | G62: =Loads!$E$62*Loads!$B$16 | H62: =Loads!$C$62*Loads!$G$62-Loads!$D$62*Loads!$F$62 | I62: =-Loads!$E$62*(Loads!$B$17+Loads!$B$19*(Loads!$D$62-Loads!$B$14)) | J62: =-Loads!$E$62*(Loads!$B$18-Loads!$B$19*(Loads!$C$62-Loads!$B$13)) | K62: =Loads!$C$62*Loads!$J$62-Loads!$D$62*Loads!$I$62 | L62: =Loads!$F$62+Loads!$I$62 | M62: =Loads!$G$62+Loads!$J$62 | N62: =Loads!$H$62+Loads!$K$62
A63: =Inputs!$A$76 | B63: =IF(Loads!$A$63=1,Inputs!$C$76&"","") | C63: =IF(Loads!$A$63=1,IF(Inputs!$D$76="boom_local",Geometry!$B$17+Inputs!$F$76*Geometry!$B$14-Inputs!$H$76*Geometry!$B$15,Inputs!$I$76+0),0) | D63: =IF(Loads!$A$63=1,IF(Inputs!$D$76="boom_local",Geometry!$B$18+Inputs!$F$76*Geometry!$B$15+Inputs!$H$76*Geometry!$B$14,Inputs!$K$76+0),0) | E63: =IF(Loads!$A$63=1,Inputs!$E$76+0,0) | F63: =Loads!$E$63*Loads!$B$15 | G63: =Loads!$E$63*Loads!$B$16 | H63: =Loads!$C$63*Loads!$G$63-Loads!$D$63*Loads!$F$63 | I63: =-Loads!$E$63*(Loads!$B$17+Loads!$B$19*(Loads!$D$63-Loads!$B$14)) | J63: =-Loads!$E$63*(Loads!$B$18-Loads!$B$19*(Loads!$C$63-Loads!$B$13)) | K63: =Loads!$C$63*Loads!$J$63-Loads!$D$63*Loads!$I$63 | L63: =Loads!$F$63+Loads!$I$63 | M63: =Loads!$G$63+Loads!$J$63 | N63: =Loads!$H$63+Loads!$K$63
A64: =Inputs!$A$77 | B64: =IF(Loads!$A$64=1,Inputs!$C$77&"","") | C64: =IF(Loads!$A$64=1,IF(Inputs!$D$77="boom_local",Geometry!$B$17+Inputs!$F$77*Geometry!$B$14-Inputs!$H$77*Geometry!$B$15,Inputs!$I$77+0),0) | D64: =IF(Loads!$A$64=1,IF(Inputs!$D$77="boom_local",Geometry!$B$18+Inputs!$F$77*Geometry!$B$15+Inputs!$H$77*Geometry!$B$14,Inputs!$K$77+0),0) | E64: =IF(Loads!$A$64=1,Inputs!$E$77+0,0) | F64: =Loads!$E$64*Loads!$B$15 | G64: =Loads!$E$64*Loads!$B$16 | H64: =Loads!$C$64*Loads!$G$64-Loads!$D$64*Loads!$F$64 | I64: =-Loads!$E$64*(Loads!$B$17+Loads!$B$19*(Loads!$D$64-Loads!$B$14)) | J64: =-Loads!$E$64*(Loads!$B$18-Loads!$B$19*(Loads!$C$64-Loads!$B$13)) | K64: =Loads!$C$64*Loads!$J$64-Loads!$D$64*Loads!$I$64 | L64: =Loads!$F$64+Loads!$I$64 | M64: =Loads!$G$64+Loads!$J$64 | N64: =Loads!$H$64+Loads!$K$64
A65: =Inputs!$A$78 | B65: =IF(Loads!$A$65=1,Inputs!$C$78&"","") | C65: =IF(Loads!$A$65=1,IF(Inputs!$D$78="boom_local",Geometry!$B$17+Inputs!$F$78*Geometry!$B$14-Inputs!$H$78*Geometry!$B$15,Inputs!$I$78+0),0) | D65: =IF(Loads!$A$65=1,IF(Inputs!$D$78="boom_local",Geometry!$B$18+Inputs!$F$78*Geometry!$B$15+Inputs!$H$78*Geometry!$B$14,Inputs!$K$78+0),0) | E65: =IF(Loads!$A$65=1,Inputs!$E$78+0,0) | F65: =Loads!$E$65*Loads!$B$15 | G65: =Loads!$E$65*Loads!$B$16 | H65: =Loads!$C$65*Loads!$G$65-Loads!$D$65*Loads!$F$65 | I65: =-Loads!$E$65*(Loads!$B$17+Loads!$B$19*(Loads!$D$65-Loads!$B$14)) | J65: =-Loads!$E$65*(Loads!$B$18-Loads!$B$19*(Loads!$C$65-Loads!$B$13)) | K65: =Loads!$C$65*Loads!$J$65-Loads!$D$65*Loads!$I$65 | L65: =Loads!$F$65+Loads!$I$65 | M65: =Loads!$G$65+Loads!$J$65 | N65: =Loads!$H$65+Loads!$K$65
A66: =Inputs!$A$79 | B66: =IF(Loads!$A$66=1,Inputs!$C$79&"","") | C66: =IF(Loads!$A$66=1,IF(Inputs!$D$79="boom_local",Geometry!$B$17+Inputs!$F$79*Geometry!$B$14-Inputs!$H$79*Geometry!$B$15,Inputs!$I$79+0),0) | D66: =IF(Loads!$A$66=1,IF(Inputs!$D$79="boom_local",Geometry!$B$18+Inputs!$F$79*Geometry!$B$15+Inputs!$H$79*Geometry!$B$14,Inputs!$K$79+0),0) | E66: =IF(Loads!$A$66=1,Inputs!$E$79+0,0) | F66: =Loads!$E$66*Loads!$B$15 | G66: =Loads!$E$66*Loads!$B$16 | H66: =Loads!$C$66*Loads!$G$66-Loads!$D$66*Loads!$F$66 | I66: =-Loads!$E$66*(Loads!$B$17+Loads!$B$19*(Loads!$D$66-Loads!$B$14)) | J66: =-Loads!$E$66*(Loads!$B$18-Loads!$B$19*(Loads!$C$66-Loads!$B$13)) | K66: =Loads!$C$66*Loads!$J$66-Loads!$D$66*Loads!$I$66 | L66: =Loads!$F$66+Loads!$I$66 | M66: =Loads!$G$66+Loads!$J$66 | N66: =Loads!$H$66+Loads!$K$66
A67: =Inputs!$A$80 | B67: =IF(Loads!$A$67=1,Inputs!$C$80&"","") | C67: =IF(Loads!$A$67=1,IF(Inputs!$D$80="boom_local",Geometry!$B$17+Inputs!$F$80*Geometry!$B$14-Inputs!$H$80*Geometry!$B$15,Inputs!$I$80+0),0) | D67: =IF(Loads!$A$67=1,IF(Inputs!$D$80="boom_local",Geometry!$B$18+Inputs!$F$80*Geometry!$B$15+Inputs!$H$80*Geometry!$B$14,Inputs!$K$80+0),0) | E67: =IF(Loads!$A$67=1,Inputs!$E$80+0,0) | F67: =Loads!$E$67*Loads!$B$15 | G67: =Loads!$E$67*Loads!$B$16 | H67: =Loads!$C$67*Loads!$G$67-Loads!$D$67*Loads!$F$67 | I67: =-Loads!$E$67*(Loads!$B$17+Loads!$B$19*(Loads!$D$67-Loads!$B$14)) | J67: =-Loads!$E$67*(Loads!$B$18-Loads!$B$19*(Loads!$C$67-Loads!$B$13)) | K67: =Loads!$C$67*Loads!$J$67-Loads!$D$67*Loads!$I$67 | L67: =Loads!$F$67+Loads!$I$67 | M67: =Loads!$G$67+Loads!$J$67 | N67: =Loads!$H$67+Loads!$K$67
A68: =Inputs!$A$81 | B68: =IF(Loads!$A$68=1,Inputs!$C$81&"","") | C68: =IF(Loads!$A$68=1,IF(Inputs!$D$81="boom_local",Geometry!$B$17+Inputs!$F$81*Geometry!$B$14-Inputs!$H$81*Geometry!$B$15,Inputs!$I$81+0),0) | D68: =IF(Loads!$A$68=1,IF(Inputs!$D$81="boom_local",Geometry!$B$18+Inputs!$F$81*Geometry!$B$15+Inputs!$H$81*Geometry!$B$14,Inputs!$K$81+0),0) | E68: =IF(Loads!$A$68=1,Inputs!$E$81+0,0) | F68: =Loads!$E$68*Loads!$B$15 | G68: =Loads!$E$68*Loads!$B$16 | H68: =Loads!$C$68*Loads!$G$68-Loads!$D$68*Loads!$F$68 | I68: =-Loads!$E$68*(Loads!$B$17+Loads!$B$19*(Loads!$D$68-Loads!$B$14)) | J68: =-Loads!$E$68*(Loads!$B$18-Loads!$B$19*(Loads!$C$68-Loads!$B$13)) | K68: =Loads!$C$68*Loads!$J$68-Loads!$D$68*Loads!$I$68 | L68: =Loads!$F$68+Loads!$I$68 | M68: =Loads!$G$68+Loads!$J$68 | N68: =Loads!$H$68+Loads!$K$68
A69: =Inputs!$A$82 | B69: =IF(Loads!$A$69=1,Inputs!$C$82&"","") | C69: =IF(Loads!$A$69=1,IF(Inputs!$D$82="boom_local",Geometry!$B$17+Inputs!$F$82*Geometry!$B$14-Inputs!$H$82*Geometry!$B$15,Inputs!$I$82+0),0) | D69: =IF(Loads!$A$69=1,IF(Inputs!$D$82="boom_local",Geometry!$B$18+Inputs!$F$82*Geometry!$B$15+Inputs!$H$82*Geometry!$B$14,Inputs!$K$82+0),0) | E69: =IF(Loads!$A$69=1,Inputs!$E$82+0,0) | F69: =Loads!$E$69*Loads!$B$15 | G69: =Loads!$E$69*Loads!$B$16 | H69: =Loads!$C$69*Loads!$G$69-Loads!$D$69*Loads!$F$69 | I69: =-Loads!$E$69*(Loads!$B$17+Loads!$B$19*(Loads!$D$69-Loads!$B$14)) | J69: =-Loads!$E$69*(Loads!$B$18-Loads!$B$19*(Loads!$C$69-Loads!$B$13)) | K69: =Loads!$C$69*Loads!$J$69-Loads!$D$69*Loads!$I$69 | L69: =Loads!$F$69+Loads!$I$69 | M69: =Loads!$G$69+Loads!$J$69 | N69: =Loads!$H$69+Loads!$K$69
A70: =Inputs!$A$83 | B70: =IF(Loads!$A$70=1,Inputs!$C$83&"","") | C70: =IF(Loads!$A$70=1,IF(Inputs!$D$83="boom_local",Geometry!$B$17+Inputs!$F$83*Geometry!$B$14-Inputs!$H$83*Geometry!$B$15,Inputs!$I$83+0),0) | D70: =IF(Loads!$A$70=1,IF(Inputs!$D$83="boom_local",Geometry!$B$18+Inputs!$F$83*Geometry!$B$15+Inputs!$H$83*Geometry!$B$14,Inputs!$K$83+0),0) | E70: =IF(Loads!$A$70=1,Inputs!$E$83+0,0) | F70: =Loads!$E$70*Loads!$B$15 | G70: =Loads!$E$70*Loads!$B$16 | H70: =Loads!$C$70*Loads!$G$70-Loads!$D$70*Loads!$F$70 | I70: =-Loads!$E$70*(Loads!$B$17+Loads!$B$19*(Loads!$D$70-Loads!$B$14)) | J70: =-Loads!$E$70*(Loads!$B$18-Loads!$B$19*(Loads!$C$70-Loads!$B$13)) | K70: =Loads!$C$70*Loads!$J$70-Loads!$D$70*Loads!$I$70 | L70: =Loads!$F$70+Loads!$I$70 | M70: =Loads!$G$70+Loads!$J$70 | N70: =Loads!$H$70+Loads!$K$70
A71: =Inputs!$A$84 | B71: =IF(Loads!$A$71=1,Inputs!$C$84&"","") | C71: =IF(Loads!$A$71=1,IF(Inputs!$D$84="boom_local",Geometry!$B$17+Inputs!$F$84*Geometry!$B$14-Inputs!$H$84*Geometry!$B$15,Inputs!$I$84+0),0) | D71: =IF(Loads!$A$71=1,IF(Inputs!$D$84="boom_local",Geometry!$B$18+Inputs!$F$84*Geometry!$B$15+Inputs!$H$84*Geometry!$B$14,Inputs!$K$84+0),0) | E71: =IF(Loads!$A$71=1,Inputs!$E$84+0,0) | F71: =Loads!$E$71*Loads!$B$15 | G71: =Loads!$E$71*Loads!$B$16 | H71: =Loads!$C$71*Loads!$G$71-Loads!$D$71*Loads!$F$71 | I71: =-Loads!$E$71*(Loads!$B$17+Loads!$B$19*(Loads!$D$71-Loads!$B$14)) | J71: =-Loads!$E$71*(Loads!$B$18-Loads!$B$19*(Loads!$C$71-Loads!$B$13)) | K71: =Loads!$C$71*Loads!$J$71-Loads!$D$71*Loads!$I$71 | L71: =Loads!$F$71+Loads!$I$71 | M71: =Loads!$G$71+Loads!$J$71 | N71: =Loads!$H$71+Loads!$K$71
A72: =Inputs!$A$85 | B72: =IF(Loads!$A$72=1,Inputs!$C$85&"","") | C72: =IF(Loads!$A$72=1,IF(Inputs!$D$85="boom_local",Geometry!$B$17+Inputs!$F$85*Geometry!$B$14-Inputs!$H$85*Geometry!$B$15,Inputs!$I$85+0),0) | D72: =IF(Loads!$A$72=1,IF(Inputs!$D$85="boom_local",Geometry!$B$18+Inputs!$F$85*Geometry!$B$15+Inputs!$H$85*Geometry!$B$14,Inputs!$K$85+0),0) | E72: =IF(Loads!$A$72=1,Inputs!$E$85+0,0) | F72: =Loads!$E$72*Loads!$B$15 | G72: =Loads!$E$72*Loads!$B$16 | H72: =Loads!$C$72*Loads!$G$72-Loads!$D$72*Loads!$F$72 | I72: =-Loads!$E$72*(Loads!$B$17+Loads!$B$19*(Loads!$D$72-Loads!$B$14)) | J72: =-Loads!$E$72*(Loads!$B$18-Loads!$B$19*(Loads!$C$72-Loads!$B$13)) | K72: =Loads!$C$72*Loads!$J$72-Loads!$D$72*Loads!$I$72 | L72: =Loads!$F$72+Loads!$I$72 | M72: =Loads!$G$72+Loads!$J$72 | N72: =Loads!$H$72+Loads!$K$72
A76: Wind areas, X wind (row i = Inputs wind areas row i)
A77: Active [1/0] | B77: Body | C77: x global [m] | D77: z global [m] | E77: Area for X wind [m^2] | F77: Area scale | G77: Wind Fx = sign q Cd A scale [kN] | H77: Wind moment = -z Fx [kNm]
A78: active (from Inputs) | B78: body | C78: x_m | D78: z_m | E78: area_m2 | F78: scale (|sin(boom angle)| on body boom, else 1) | G78: fx (crane_solver _wind_fx) | H78: m
A79: =Inputs!$A$92 | B79: =IF(Loads!$A$79=1,Inputs!$C$92&"","") | C79: =IF(Loads!$A$79=1,IF(Inputs!$D$92="boom_local",Geometry!$B$17+Inputs!$H$92*Geometry!$B$14-Inputs!$I$92*Geometry!$B$15,Inputs!$J$92+0),0) | D79: =IF(Loads!$A$79=1,IF(Inputs!$D$92="boom_local",Geometry!$B$18+Inputs!$H$92*Geometry!$B$15+Inputs!$I$92*Geometry!$B$14,Inputs!$K$92+0),0) | E79: =IF(Loads!$A$79=1,Inputs!$F$92+0,0) | F79: =IF(Loads!$A$79=1,IF(Loads!$B$79="boom",Loads!$B$23,1),0) | G79: =Loads!$B$21*Loads!$B$22*IF(Loads!$A$79=1,Inputs!$E$92+0,0)*Loads!$E$79*Loads!$F$79 | H79: =-Loads!$D$79*Loads!$G$79
A80: =Inputs!$A$93 | B80: =IF(Loads!$A$80=1,Inputs!$C$93&"","") | C80: =IF(Loads!$A$80=1,IF(Inputs!$D$93="boom_local",Geometry!$B$17+Inputs!$H$93*Geometry!$B$14-Inputs!$I$93*Geometry!$B$15,Inputs!$J$93+0),0) | D80: =IF(Loads!$A$80=1,IF(Inputs!$D$93="boom_local",Geometry!$B$18+Inputs!$H$93*Geometry!$B$15+Inputs!$I$93*Geometry!$B$14,Inputs!$K$93+0),0) | E80: =IF(Loads!$A$80=1,Inputs!$F$93+0,0) | F80: =IF(Loads!$A$80=1,IF(Loads!$B$80="boom",Loads!$B$23,1),0) | G80: =Loads!$B$21*Loads!$B$22*IF(Loads!$A$80=1,Inputs!$E$93+0,0)*Loads!$E$80*Loads!$F$80 | H80: =-Loads!$D$80*Loads!$G$80
A81: =Inputs!$A$94 | B81: =IF(Loads!$A$81=1,Inputs!$C$94&"","") | C81: =IF(Loads!$A$81=1,IF(Inputs!$D$94="boom_local",Geometry!$B$17+Inputs!$H$94*Geometry!$B$14-Inputs!$I$94*Geometry!$B$15,Inputs!$J$94+0),0) | D81: =IF(Loads!$A$81=1,IF(Inputs!$D$94="boom_local",Geometry!$B$18+Inputs!$H$94*Geometry!$B$15+Inputs!$I$94*Geometry!$B$14,Inputs!$K$94+0),0) | E81: =IF(Loads!$A$81=1,Inputs!$F$94+0,0) | F81: =IF(Loads!$A$81=1,IF(Loads!$B$81="boom",Loads!$B$23,1),0) | G81: =Loads!$B$21*Loads!$B$22*IF(Loads!$A$81=1,Inputs!$E$94+0,0)*Loads!$E$81*Loads!$F$81 | H81: =-Loads!$D$81*Loads!$G$81
A82: =Inputs!$A$95 | B82: =IF(Loads!$A$82=1,Inputs!$C$95&"","") | C82: =IF(Loads!$A$82=1,IF(Inputs!$D$95="boom_local",Geometry!$B$17+Inputs!$H$95*Geometry!$B$14-Inputs!$I$95*Geometry!$B$15,Inputs!$J$95+0),0) | D82: =IF(Loads!$A$82=1,IF(Inputs!$D$95="boom_local",Geometry!$B$18+Inputs!$H$95*Geometry!$B$15+Inputs!$I$95*Geometry!$B$14,Inputs!$K$95+0),0) | E82: =IF(Loads!$A$82=1,Inputs!$F$95+0,0) | F82: =IF(Loads!$A$82=1,IF(Loads!$B$82="boom",Loads!$B$23,1),0) | G82: =Loads!$B$21*Loads!$B$22*IF(Loads!$A$82=1,Inputs!$E$95+0,0)*Loads!$E$82*Loads!$F$82 | H82: =-Loads!$D$82*Loads!$G$82
A83: =Inputs!$A$96 | B83: =IF(Loads!$A$83=1,Inputs!$C$96&"","") | C83: =IF(Loads!$A$83=1,IF(Inputs!$D$96="boom_local",Geometry!$B$17+Inputs!$H$96*Geometry!$B$14-Inputs!$I$96*Geometry!$B$15,Inputs!$J$96+0),0) | D83: =IF(Loads!$A$83=1,IF(Inputs!$D$96="boom_local",Geometry!$B$18+Inputs!$H$96*Geometry!$B$15+Inputs!$I$96*Geometry!$B$14,Inputs!$K$96+0),0) | E83: =IF(Loads!$A$83=1,Inputs!$F$96+0,0) | F83: =IF(Loads!$A$83=1,IF(Loads!$B$83="boom",Loads!$B$23,1),0) | G83: =Loads!$B$21*Loads!$B$22*IF(Loads!$A$83=1,Inputs!$E$96+0,0)*Loads!$E$83*Loads!$F$83 | H83: =-Loads!$D$83*Loads!$G$83
A84: =Inputs!$A$97 | B84: =IF(Loads!$A$84=1,Inputs!$C$97&"","") | C84: =IF(Loads!$A$84=1,IF(Inputs!$D$97="boom_local",Geometry!$B$17+Inputs!$H$97*Geometry!$B$14-Inputs!$I$97*Geometry!$B$15,Inputs!$J$97+0),0) | D84: =IF(Loads!$A$84=1,IF(Inputs!$D$97="boom_local",Geometry!$B$18+Inputs!$H$97*Geometry!$B$15+Inputs!$I$97*Geometry!$B$14,Inputs!$K$97+0),0) | E84: =IF(Loads!$A$84=1,Inputs!$F$97+0,0) | F84: =IF(Loads!$A$84=1,IF(Loads!$B$84="boom",Loads!$B$23,1),0) | G84: =Loads!$B$21*Loads!$B$22*IF(Loads!$A$84=1,Inputs!$E$97+0,0)*Loads!$E$84*Loads!$F$84 | H84: =-Loads!$D$84*Loads!$G$84
A85: =Inputs!$A$98 | B85: =IF(Loads!$A$85=1,Inputs!$C$98&"","") | C85: =IF(Loads!$A$85=1,IF(Inputs!$D$98="boom_local",Geometry!$B$17+Inputs!$H$98*Geometry!$B$14-Inputs!$I$98*Geometry!$B$15,Inputs!$J$98+0),0) | D85: =IF(Loads!$A$85=1,IF(Inputs!$D$98="boom_local",Geometry!$B$18+Inputs!$H$98*Geometry!$B$15+Inputs!$I$98*Geometry!$B$14,Inputs!$K$98+0),0) | E85: =IF(Loads!$A$85=1,Inputs!$F$98+0,0) | F85: =IF(Loads!$A$85=1,IF(Loads!$B$85="boom",Loads!$B$23,1),0) | G85: =Loads!$B$21*Loads!$B$22*IF(Loads!$A$85=1,Inputs!$E$98+0,0)*Loads!$E$85*Loads!$F$85 | H85: =-Loads!$D$85*Loads!$G$85
A86: =Inputs!$A$99 | B86: =IF(Loads!$A$86=1,Inputs!$C$99&"","") | C86: =IF(Loads!$A$86=1,IF(Inputs!$D$99="boom_local",Geometry!$B$17+Inputs!$H$99*Geometry!$B$14-Inputs!$I$99*Geometry!$B$15,Inputs!$J$99+0),0) | D86: =IF(Loads!$A$86=1,IF(Inputs!$D$99="boom_local",Geometry!$B$18+Inputs!$H$99*Geometry!$B$15+Inputs!$I$99*Geometry!$B$14,Inputs!$K$99+0),0) | E86: =IF(Loads!$A$86=1,Inputs!$F$99+0,0) | F86: =IF(Loads!$A$86=1,IF(Loads!$B$86="boom",Loads!$B$23,1),0) | G86: =Loads!$B$21*Loads!$B$22*IF(Loads!$A$86=1,Inputs!$E$99+0,0)*Loads!$E$86*Loads!$F$86 | H86: =-Loads!$D$86*Loads!$G$86
A87: =Inputs!$A$100 | B87: =IF(Loads!$A$87=1,Inputs!$C$100&"","") | C87: =IF(Loads!$A$87=1,IF(Inputs!$D$100="boom_local",Geometry!$B$17+Inputs!$H$100*Geometry!$B$14-Inputs!$I$100*Geometry!$B$15,Inputs!$J$100+0),0) | D87: =IF(Loads!$A$87=1,IF(Inputs!$D$100="boom_local",Geometry!$B$18+Inputs!$H$100*Geometry!$B$15+Inputs!$I$100*Geometry!$B$14,Inputs!$K$100+0),0) | E87: =IF(Loads!$A$87=1,Inputs!$F$100+0,0) | F87: =IF(Loads!$A$87=1,IF(Loads!$B$87="boom",Loads!$B$23,1),0) | G87: =Loads!$B$21*Loads!$B$22*IF(Loads!$A$87=1,Inputs!$E$100+0,0)*Loads!$E$87*Loads!$F$87 | H87: =-Loads!$D$87*Loads!$G$87
A88: =Inputs!$A$101 | B88: =IF(Loads!$A$88=1,Inputs!$C$101&"","") | C88: =IF(Loads!$A$88=1,IF(Inputs!$D$101="boom_local",Geometry!$B$17+Inputs!$H$101*Geometry!$B$14-Inputs!$I$101*Geometry!$B$15,Inputs!$J$101+0),0) | D88: =IF(Loads!$A$88=1,IF(Inputs!$D$101="boom_local",Geometry!$B$18+Inputs!$H$101*Geometry!$B$15+Inputs!$I$101*Geometry!$B$14,Inputs!$K$101+0),0) | E88: =IF(Loads!$A$88=1,Inputs!$F$101+0,0) | F88: =IF(Loads!$A$88=1,IF(Loads!$B$88="boom",Loads!$B$23,1),0) | G88: =Loads!$B$21*Loads!$B$22*IF(Loads!$A$88=1,Inputs!$E$101+0,0)*Loads!$E$88*Loads!$F$88 | H88: =-Loads!$D$88*Loads!$G$88
A89: =Inputs!$A$102 | B89: =IF(Loads!$A$89=1,Inputs!$C$102&"","") | C89: =IF(Loads!$A$89=1,IF(Inputs!$D$102="boom_local",Geometry!$B$17+Inputs!$H$102*Geometry!$B$14-Inputs!$I$102*Geometry!$B$15,Inputs!$J$102+0),0) | D89: =IF(Loads!$A$89=1,IF(Inputs!$D$102="boom_local",Geometry!$B$18+Inputs!$H$102*Geometry!$B$15+Inputs!$I$102*Geometry!$B$14,Inputs!$K$102+0),0) | E89: =IF(Loads!$A$89=1,Inputs!$F$102+0,0) | F89: =IF(Loads!$A$89=1,IF(Loads!$B$89="boom",Loads!$B$23,1),0) | G89: =Loads!$B$21*Loads!$B$22*IF(Loads!$A$89=1,Inputs!$E$102+0,0)*Loads!$E$89*Loads!$F$89 | H89: =-Loads!$D$89*Loads!$G$89
A90: =Inputs!$A$103 | B90: =IF(Loads!$A$90=1,Inputs!$C$103&"","") | C90: =IF(Loads!$A$90=1,IF(Inputs!$D$103="boom_local",Geometry!$B$17+Inputs!$H$103*Geometry!$B$14-Inputs!$I$103*Geometry!$B$15,Inputs!$J$103+0),0) | D90: =IF(Loads!$A$90=1,IF(Inputs!$D$103="boom_local",Geometry!$B$18+Inputs!$H$103*Geometry!$B$15+Inputs!$I$103*Geometry!$B$14,Inputs!$K$103+0),0) | E90: =IF(Loads!$A$90=1,Inputs!$F$103+0,0) | F90: =IF(Loads!$A$90=1,IF(Loads!$B$90="boom",Loads!$B$23,1),0) | G90: =Loads!$B$21*Loads!$B$22*IF(Loads!$A$90=1,Inputs!$E$103+0,0)*Loads!$E$90*Loads!$F$90 | H90: =-Loads!$D$90*Loads!$G$90
A91: =Inputs!$A$104 | B91: =IF(Loads!$A$91=1,Inputs!$C$104&"","") | C91: =IF(Loads!$A$91=1,IF(Inputs!$D$104="boom_local",Geometry!$B$17+Inputs!$H$104*Geometry!$B$14-Inputs!$I$104*Geometry!$B$15,Inputs!$J$104+0),0) | D91: =IF(Loads!$A$91=1,IF(Inputs!$D$104="boom_local",Geometry!$B$18+Inputs!$H$104*Geometry!$B$15+Inputs!$I$104*Geometry!$B$14,Inputs!$K$104+0),0) | E91: =IF(Loads!$A$91=1,Inputs!$F$104+0,0) | F91: =IF(Loads!$A$91=1,IF(Loads!$B$91="boom",Loads!$B$23,1),0) | G91: =Loads!$B$21*Loads!$B$22*IF(Loads!$A$91=1,Inputs!$E$104+0,0)*Loads!$E$91*Loads!$F$91 | H91: =-Loads!$D$91*Loads!$G$91
A92: =Inputs!$A$105 | B92: =IF(Loads!$A$92=1,Inputs!$C$105&"","") | C92: =IF(Loads!$A$92=1,IF(Inputs!$D$105="boom_local",Geometry!$B$17+Inputs!$H$105*Geometry!$B$14-Inputs!$I$105*Geometry!$B$15,Inputs!$J$105+0),0) | D92: =IF(Loads!$A$92=1,IF(Inputs!$D$105="boom_local",Geometry!$B$18+Inputs!$H$105*Geometry!$B$15+Inputs!$I$105*Geometry!$B$14,Inputs!$K$105+0),0) | E92: =IF(Loads!$A$92=1,Inputs!$F$105+0,0) | F92: =IF(Loads!$A$92=1,IF(Loads!$B$92="boom",Loads!$B$23,1),0) | G92: =Loads!$B$21*Loads!$B$22*IF(Loads!$A$92=1,Inputs!$E$105+0,0)*Loads!$E$92*Loads!$F$92 | H92: =-Loads!$D$92*Loads!$G$92
A93: =Inputs!$A$106 | B93: =IF(Loads!$A$93=1,Inputs!$C$106&"","") | C93: =IF(Loads!$A$93=1,IF(Inputs!$D$106="boom_local",Geometry!$B$17+Inputs!$H$106*Geometry!$B$14-Inputs!$I$106*Geometry!$B$15,Inputs!$J$106+0),0) | D93: =IF(Loads!$A$93=1,IF(Inputs!$D$106="boom_local",Geometry!$B$18+Inputs!$H$106*Geometry!$B$15+Inputs!$I$106*Geometry!$B$14,Inputs!$K$106+0),0) | E93: =IF(Loads!$A$93=1,Inputs!$F$106+0,0) | F93: =IF(Loads!$A$93=1,IF(Loads!$B$93="boom",Loads!$B$23,1),0) | G93: =Loads!$B$21*Loads!$B$22*IF(Loads!$A$93=1,Inputs!$E$106+0,0)*Loads!$E$93*Loads!$F$93 | H93: =-Loads!$D$93*Loads!$G$93
A94: =Inputs!$A$107 | B94: =IF(Loads!$A$94=1,Inputs!$C$107&"","") | C94: =IF(Loads!$A$94=1,IF(Inputs!$D$107="boom_local",Geometry!$B$17+Inputs!$H$107*Geometry!$B$14-Inputs!$I$107*Geometry!$B$15,Inputs!$J$107+0),0) | D94: =IF(Loads!$A$94=1,IF(Inputs!$D$107="boom_local",Geometry!$B$18+Inputs!$H$107*Geometry!$B$15+Inputs!$I$107*Geometry!$B$14,Inputs!$K$107+0),0) | E94: =IF(Loads!$A$94=1,Inputs!$F$107+0,0) | F94: =IF(Loads!$A$94=1,IF(Loads!$B$94="boom",Loads!$B$23,1),0) | G94: =Loads!$B$21*Loads!$B$22*IF(Loads!$A$94=1,Inputs!$E$107+0,0)*Loads!$E$94*Loads!$F$94 | H94: =-Loads!$D$94*Loads!$G$94
A95: =Inputs!$A$108 | B95: =IF(Loads!$A$95=1,Inputs!$C$108&"","") | C95: =IF(Loads!$A$95=1,IF(Inputs!$D$108="boom_local",Geometry!$B$17+Inputs!$H$108*Geometry!$B$14-Inputs!$I$108*Geometry!$B$15,Inputs!$J$108+0),0) | D95: =IF(Loads!$A$95=1,IF(Inputs!$D$108="boom_local",Geometry!$B$18+Inputs!$H$108*Geometry!$B$15+Inputs!$I$108*Geometry!$B$14,Inputs!$K$108+0),0) | E95: =IF(Loads!$A$95=1,Inputs!$F$108+0,0) | F95: =IF(Loads!$A$95=1,IF(Loads!$B$95="boom",Loads!$B$23,1),0) | G95: =Loads!$B$21*Loads!$B$22*IF(Loads!$A$95=1,Inputs!$E$108+0,0)*Loads!$E$95*Loads!$F$95 | H95: =-Loads!$D$95*Loads!$G$95
A96: =Inputs!$A$109 | B96: =IF(Loads!$A$96=1,Inputs!$C$109&"","") | C96: =IF(Loads!$A$96=1,IF(Inputs!$D$109="boom_local",Geometry!$B$17+Inputs!$H$109*Geometry!$B$14-Inputs!$I$109*Geometry!$B$15,Inputs!$J$109+0),0) | D96: =IF(Loads!$A$96=1,IF(Inputs!$D$109="boom_local",Geometry!$B$18+Inputs!$H$109*Geometry!$B$15+Inputs!$I$109*Geometry!$B$14,Inputs!$K$109+0),0) | E96: =IF(Loads!$A$96=1,Inputs!$F$109+0,0) | F96: =IF(Loads!$A$96=1,IF(Loads!$B$96="boom",Loads!$B$23,1),0) | G96: =Loads!$B$21*Loads!$B$22*IF(Loads!$A$96=1,Inputs!$E$109+0,0)*Loads!$E$96*Loads!$F$96 | H96: =-Loads!$D$96*Loads!$G$96
A97: =Inputs!$A$110 | B97: =IF(Loads!$A$97=1,Inputs!$C$110&"","") | C97: =IF(Loads!$A$97=1,IF(Inputs!$D$110="boom_local",Geometry!$B$17+Inputs!$H$110*Geometry!$B$14-Inputs!$I$110*Geometry!$B$15,Inputs!$J$110+0),0) | D97: =IF(Loads!$A$97=1,IF(Inputs!$D$110="boom_local",Geometry!$B$18+Inputs!$H$110*Geometry!$B$15+Inputs!$I$110*Geometry!$B$14,Inputs!$K$110+0),0) | E97: =IF(Loads!$A$97=1,Inputs!$F$110+0,0) | F97: =IF(Loads!$A$97=1,IF(Loads!$B$97="boom",Loads!$B$23,1),0) | G97: =Loads!$B$21*Loads!$B$22*IF(Loads!$A$97=1,Inputs!$E$110+0,0)*Loads!$E$97*Loads!$F$97 | H97: =-Loads!$D$97*Loads!$G$97
A98: =Inputs!$A$111 | B98: =IF(Loads!$A$98=1,Inputs!$C$111&"","") | C98: =IF(Loads!$A$98=1,IF(Inputs!$D$111="boom_local",Geometry!$B$17+Inputs!$H$111*Geometry!$B$14-Inputs!$I$111*Geometry!$B$15,Inputs!$J$111+0),0) | D98: =IF(Loads!$A$98=1,IF(Inputs!$D$111="boom_local",Geometry!$B$18+Inputs!$H$111*Geometry!$B$15+Inputs!$I$111*Geometry!$B$14,Inputs!$K$111+0),0) | E98: =IF(Loads!$A$98=1,Inputs!$F$111+0,0) | F98: =IF(Loads!$A$98=1,IF(Loads!$B$98="boom",Loads!$B$23,1),0) | G98: =Loads!$B$21*Loads!$B$22*IF(Loads!$A$98=1,Inputs!$E$111+0,0)*Loads!$E$98*Loads!$F$98 | H98: =-Loads!$D$98*Loads!$G$98
A99: =Inputs!$A$112 | B99: =IF(Loads!$A$99=1,Inputs!$C$112&"","") | C99: =IF(Loads!$A$99=1,IF(Inputs!$D$112="boom_local",Geometry!$B$17+Inputs!$H$112*Geometry!$B$14-Inputs!$I$112*Geometry!$B$15,Inputs!$J$112+0),0) | D99: =IF(Loads!$A$99=1,IF(Inputs!$D$112="boom_local",Geometry!$B$18+Inputs!$H$112*Geometry!$B$15+Inputs!$I$112*Geometry!$B$14,Inputs!$K$112+0),0) | E99: =IF(Loads!$A$99=1,Inputs!$F$112+0,0) | F99: =IF(Loads!$A$99=1,IF(Loads!$B$99="boom",Loads!$B$23,1),0) | G99: =Loads!$B$21*Loads!$B$22*IF(Loads!$A$99=1,Inputs!$E$112+0,0)*Loads!$E$99*Loads!$F$99 | H99: =-Loads!$D$99*Loads!$G$99
A100: =Inputs!$A$113 | B100: =IF(Loads!$A$100=1,Inputs!$C$113&"","") | C100: =IF(Loads!$A$100=1,IF(Inputs!$D$113="boom_local",Geometry!$B$17+Inputs!$H$113*Geometry!$B$14-Inputs!$I$113*Geometry!$B$15,Inputs!$J$113+0),0) | D100: =IF(Loads!$A$100=1,IF(Inputs!$D$113="boom_local",Geometry!$B$18+Inputs!$H$113*Geometry!$B$15+Inputs!$I$113*Geometry!$B$14,Inputs!$K$113+0),0) | E100: =IF(Loads!$A$100=1,Inputs!$F$113+0,0) | F100: =IF(Loads!$A$100=1,IF(Loads!$B$100="boom",Loads!$B$23,1),0) | G100: =Loads!$B$21*Loads!$B$22*IF(Loads!$A$100=1,Inputs!$E$113+0,0)*Loads!$E$100*Loads!$F$100 | H100: =-Loads!$D$100*Loads!$G$100
A101: =Inputs!$A$114 | B101: =IF(Loads!$A$101=1,Inputs!$C$114&"","") | C101: =IF(Loads!$A$101=1,IF(Inputs!$D$114="boom_local",Geometry!$B$17+Inputs!$H$114*Geometry!$B$14-Inputs!$I$114*Geometry!$B$15,Inputs!$J$114+0),0) | D101: =IF(Loads!$A$101=1,IF(Inputs!$D$114="boom_local",Geometry!$B$18+Inputs!$H$114*Geometry!$B$15+Inputs!$I$114*Geometry!$B$14,Inputs!$K$114+0),0) | E101: =IF(Loads!$A$101=1,Inputs!$F$114+0,0) | F101: =IF(Loads!$A$101=1,IF(Loads!$B$101="boom",Loads!$B$23,1),0) | G101: =Loads!$B$21*Loads!$B$22*IF(Loads!$A$101=1,Inputs!$E$114+0,0)*Loads!$E$101*Loads!$F$101 | H101: =-Loads!$D$101*Loads!$G$101
A102: =Inputs!$A$115 | B102: =IF(Loads!$A$102=1,Inputs!$C$115&"","") | C102: =IF(Loads!$A$102=1,IF(Inputs!$D$115="boom_local",Geometry!$B$17+Inputs!$H$115*Geometry!$B$14-Inputs!$I$115*Geometry!$B$15,Inputs!$J$115+0),0) | D102: =IF(Loads!$A$102=1,IF(Inputs!$D$115="boom_local",Geometry!$B$18+Inputs!$H$115*Geometry!$B$15+Inputs!$I$115*Geometry!$B$14,Inputs!$K$115+0),0) | E102: =IF(Loads!$A$102=1,Inputs!$F$115+0,0) | F102: =IF(Loads!$A$102=1,IF(Loads!$B$102="boom",Loads!$B$23,1),0) | G102: =Loads!$B$21*Loads!$B$22*IF(Loads!$A$102=1,Inputs!$E$115+0,0)*Loads!$E$102*Loads!$F$102 | H102: =-Loads!$D$102*Loads!$G$102
A103: =Inputs!$A$116 | B103: =IF(Loads!$A$103=1,Inputs!$C$116&"","") | C103: =IF(Loads!$A$103=1,IF(Inputs!$D$116="boom_local",Geometry!$B$17+Inputs!$H$116*Geometry!$B$14-Inputs!$I$116*Geometry!$B$15,Inputs!$J$116+0),0) | D103: =IF(Loads!$A$103=1,IF(Inputs!$D$116="boom_local",Geometry!$B$18+Inputs!$H$116*Geometry!$B$15+Inputs!$I$116*Geometry!$B$14,Inputs!$K$116+0),0) | E103: =IF(Loads!$A$103=1,Inputs!$F$116+0,0) | F103: =IF(Loads!$A$103=1,IF(Loads!$B$103="boom",Loads!$B$23,1),0) | G103: =Loads!$B$21*Loads!$B$22*IF(Loads!$A$103=1,Inputs!$E$116+0,0)*Loads!$E$103*Loads!$F$103 | H103: =-Loads!$D$103*Loads!$G$103
A104: =Inputs!$A$117 | B104: =IF(Loads!$A$104=1,Inputs!$C$117&"","") | C104: =IF(Loads!$A$104=1,IF(Inputs!$D$117="boom_local",Geometry!$B$17+Inputs!$H$117*Geometry!$B$14-Inputs!$I$117*Geometry!$B$15,Inputs!$J$117+0),0) | D104: =IF(Loads!$A$104=1,IF(Inputs!$D$117="boom_local",Geometry!$B$18+Inputs!$H$117*Geometry!$B$15+Inputs!$I$117*Geometry!$B$14,Inputs!$K$117+0),0) | E104: =IF(Loads!$A$104=1,Inputs!$F$117+0,0) | F104: =IF(Loads!$A$104=1,IF(Loads!$B$104="boom",Loads!$B$23,1),0) | G104: =Loads!$B$21*Loads!$B$22*IF(Loads!$A$104=1,Inputs!$E$117+0,0)*Loads!$E$104*Loads!$F$104 | H104: =-Loads!$D$104*Loads!$G$104
A105: =Inputs!$A$118 | B105: =IF(Loads!$A$105=1,Inputs!$C$118&"","") | C105: =IF(Loads!$A$105=1,IF(Inputs!$D$118="boom_local",Geometry!$B$17+Inputs!$H$118*Geometry!$B$14-Inputs!$I$118*Geometry!$B$15,Inputs!$J$118+0),0) | D105: =IF(Loads!$A$105=1,IF(Inputs!$D$118="boom_local",Geometry!$B$18+Inputs!$H$118*Geometry!$B$15+Inputs!$I$118*Geometry!$B$14,Inputs!$K$118+0),0) | E105: =IF(Loads!$A$105=1,Inputs!$F$118+0,0) | F105: =IF(Loads!$A$105=1,IF(Loads!$B$105="boom",Loads!$B$23,1),0) | G105: =Loads!$B$21*Loads!$B$22*IF(Loads!$A$105=1,Inputs!$E$118+0,0)*Loads!$E$105*Loads!$F$105 | H105: =-Loads!$D$105*Loads!$G$105
A106: =Inputs!$A$119 | B106: =IF(Loads!$A$106=1,Inputs!$C$119&"","") | C106: =IF(Loads!$A$106=1,IF(Inputs!$D$119="boom_local",Geometry!$B$17+Inputs!$H$119*Geometry!$B$14-Inputs!$I$119*Geometry!$B$15,Inputs!$J$119+0),0) | D106: =IF(Loads!$A$106=1,IF(Inputs!$D$119="boom_local",Geometry!$B$18+Inputs!$H$119*Geometry!$B$15+Inputs!$I$119*Geometry!$B$14,Inputs!$K$119+0),0) | E106: =IF(Loads!$A$106=1,Inputs!$F$119+0,0) | F106: =IF(Loads!$A$106=1,IF(Loads!$B$106="boom",Loads!$B$23,1),0) | G106: =Loads!$B$21*Loads!$B$22*IF(Loads!$A$106=1,Inputs!$E$119+0,0)*Loads!$E$106*Loads!$F$106 | H106: =-Loads!$D$106*Loads!$G$106
A107: =Inputs!$A$120 | B107: =IF(Loads!$A$107=1,Inputs!$C$120&"","") | C107: =IF(Loads!$A$107=1,IF(Inputs!$D$120="boom_local",Geometry!$B$17+Inputs!$H$120*Geometry!$B$14-Inputs!$I$120*Geometry!$B$15,Inputs!$J$120+0),0) | D107: =IF(Loads!$A$107=1,IF(Inputs!$D$120="boom_local",Geometry!$B$18+Inputs!$H$120*Geometry!$B$15+Inputs!$I$120*Geometry!$B$14,Inputs!$K$120+0),0) | E107: =IF(Loads!$A$107=1,Inputs!$F$120+0,0) | F107: =IF(Loads!$A$107=1,IF(Loads!$B$107="boom",Loads!$B$23,1),0) | G107: =Loads!$B$21*Loads!$B$22*IF(Loads!$A$107=1,Inputs!$E$120+0,0)*Loads!$E$107*Loads!$F$107 | H107: =-Loads!$D$107*Loads!$G$107
...

Sheet Statics
A1: Statics -- boom and leg-frame equilibrium solves
A3: The app's in-plane statics, solved once with the actual loads (calculation/solver/crane_solver.py _run_statics): boom 3x3, then the leg frame 6x6, then the platform resultant. Moments are about the origin (M = x Fz - z Fx).
A4: Body loads = known loads (Loads body totals fx/fz/m) + T_bh x solve-rope coefficients (bh_fx/bh_fz/bh_m). Unknowns are the forces the supports exert on the body solved for (heel and leg-base reactions: weight gives positive Fz).
A5: Each system A x = b is solved with MMULT(MINVERSE(A), b) (a legacy array formula). The app calls np.linalg.solve and gives no result when it raises (an exactly singular matrix). Here a matrix is flagged singular when |det A| <= 1e-12 x the product of its row norms (Hadamard bound), or when MINVERSE fails; the solution column then reads 0 and Results shows a message.
A6: With no active solve rope the boom matrix's third column is all zero: the app shows no results (compute_analysis_point returns None); Results says so.
A9: Status
A10: Active solve ropes | B10: =COUNTIFS(Inputs!$A$290:$A$297,1,Inputs!$C$290:$C$297,"solve") | C10: count | D10: solve_ropes -- the app needs one
A11: Boom 3x3 singular | B11: =Statics!$B$41 | C11: 1/0 | D11: boom_singular
A12: Leg frame 6x6 singular | B12: =Statics!$B$62 | C12: 1/0 | D12: leg_singular
A13: Statics solved | B13: =IF(AND(Statics!$B$10>0,Statics!$B$11=0,Statics!$B$12=0),1,0) | C13: 1/0 | D13: ok -- a solve rope and no singular matrix
A15: Structure node positions
A16: Node boom_heel x | B16: =IFERROR(INDEX(Geometry!$K$58:$K$137,MATCH("boom_heel",Geometry!$B$58:$B$137,0)),0) | C16: m | D16: boom_heel_x_m -- Geometry x_m/z_m; 0 if missing
A17: Node boom_heel z | B17: =IFERROR(INDEX(Geometry!$L$58:$L$137,MATCH("boom_heel",Geometry!$B$58:$B$137,0)),0) | C17: m | D17: boom_heel_z_m -- Geometry x_m/z_m; 0 if missing
A18: Node rear_base x | B18: =IFERROR(INDEX(Geometry!$K$58:$K$137,MATCH("rear_base",Geometry!$B$58:$B$137,0)),0) | C18: m | D18: rear_base_x_m -- Geometry x_m/z_m; 0 if missing
A19: Node rear_base z | B19: =IFERROR(INDEX(Geometry!$L$58:$L$137,MATCH("rear_base",Geometry!$B$58:$B$137,0)),0) | C19: m | D19: rear_base_z_m -- Geometry x_m/z_m; 0 if missing
A20: Node rear_top x | B20: =IFERROR(INDEX(Geometry!$K$58:$K$137,MATCH("rear_top",Geometry!$B$58:$B$137,0)),0) | C20: m | D20: rear_top_x_m -- Geometry x_m/z_m; 0 if missing
A21: Node rear_top z | B21: =IFERROR(INDEX(Geometry!$L$58:$L$137,MATCH("rear_top",Geometry!$B$58:$B$137,0)),0) | C21: m | D21: rear_top_z_m -- Geometry x_m/z_m; 0 if missing
A22: Node front_base x | B22: =IFERROR(INDEX(Geometry!$K$58:$K$137,MATCH("front_base",Geometry!$B$58:$B$137,0)),0) | C22: m | D22: front_base_x_m -- Geometry x_m/z_m; 0 if missing
A23: Node front_base z | B23: =IFERROR(INDEX(Geometry!$L$58:$L$137,MATCH("front_base",Geometry!$B$58:$B$137,0)),0) | C23: m | D23: front_base_z_m -- Geometry x_m/z_m; 0 if missing
A24: Node front_top x | B24: =IFERROR(INDEX(Geometry!$K$58:$K$137,MATCH("front_top",Geometry!$B$58:$B$137,0)),0) | C24: m | D24: front_top_x_m -- Geometry x_m/z_m; 0 if missing
A25: Node front_top z | B25: =IFERROR(INDEX(Geometry!$L$58:$L$137,MATCH("front_top",Geometry!$B$58:$B$137,0)),0) | C25: m | D25: front_top_z_m -- Geometry x_m/z_m; 0 if missing
A26: Node platform_heel x | B26: =IFERROR(INDEX(Geometry!$K$58:$K$137,MATCH("platform_heel",Geometry!$B$58:$B$137,0)),0) | C26: m | D26: platform_heel_x_m -- Geometry x_m/z_m; 0 if missing
A27: Node platform_heel z | B27: =IFERROR(INDEX(Geometry!$L$58:$L$137,MATCH("platform_heel",Geometry!$B$58:$B$137,0)),0) | C27: m | D27: platform_heel_z_m -- Geometry x_m/z_m; 0 if missing
A28: Node platform_rear x | B28: =IFERROR(INDEX(Geometry!$K$58:$K$137,MATCH("platform_rear",Geometry!$B$58:$B$137,0)),0) | C28: m | D28: platform_rear_x_m -- Geometry x_m/z_m; 0 if missing
A29: Node platform_rear z | B29: =IFERROR(INDEX(Geometry!$L$58:$L$137,MATCH("platform_rear",Geometry!$B$58:$B$137,0)),0) | C29: m | D29: platform_rear_z_m -- Geometry x_m/z_m; 0 if missing
A30: Node platform_front x | B30: =IFERROR(INDEX(Geometry!$K$58:$K$137,MATCH("platform_front",Geometry!$B$58:$B$137,0)),0) | C30: m | D30: platform_front_x_m -- Geometry x_m/z_m; 0 if missing
A31: Node platform_front z | B31: =IFERROR(INDEX(Geometry!$L$58:$L$137,MATCH("platform_front",Geometry!$B$58:$B$137,0)),0) | C31: m | D31: platform_front_z_m -- Geometry x_m/z_m; 0 if missing
A33: Boom: [Hx, Hz, T_bh] -- A x = b
A34: Equation | B34: A: coefficient of h_x | C34: A: coefficient of h_z | D34: A: coefficient of t_bh | E34: b (right-hand side) [kN or kNm] | F34: Unknown x | G34: MMULT(MINVERSE(A), b) | H34: x used (0 if singular) | I34: Row norm |A_i|
A35: Boom: sum Fx = 0 | B35: 1 | C35: 0 | D35: =Loads!$Z$305 | E35: =-Loads!$W$305 | F35: h_x: Hx: heel on boom [kN] | G35: {=MMULT(MINVERSE($B$35:$D$37),$E$35:$E$37)} | H35: =IF(Statics!$B$41=1,0,Statics!$G$35) | I35: =SQRT(SUMSQ(B35:D35))
A36: Boom: sum Fz = 0 | B36: 0 | C36: 1 | D36: =Loads!$AA$305 | E36: =-Loads!$X$305 | F36: h_z: Hz: heel on boom [kN] | H36: =IF(Statics!$B$41=1,0,Statics!$G$36) | I36: =SQRT(SUMSQ(B36:D36))
A37: Boom: sum M about the origin = 0 | B37: =-Statics!$B$17 | C37: =Statics!$B$16 | D37: =Loads!$AB$305 | E37: =-Loads!$Y$305 | F37: t_bh: T_bh: solve-rope tension [kN] | H37: =IF(Statics!$B$41=1,0,Statics!$G$37) | I37: =SQRT(SUMSQ(B37:D37))
A38: det A (MDETERM) | B38: =MDETERM($B$35:$D$37) | D38: det
A39: Product of the row norms of A | B39: =PRODUCT($I$35:$I$37) | D39: norm_product
A40: |det A| / product of row norms | B40: =IF(Statics!$B$39>0,ABS(Statics!$B$38)/Statics!$B$39,0) | D40: rel_det -- 1 = orthogonal rows, 0 = singular
A41: Singular | B41: =IF(OR(Statics!$B$40<=1E-12,ISERROR(SUM($G$35:$G$37))),1,0) | C41: 1/0 | D41: singular -- rel_det <= 1e-12 or MINVERSE fails
A43: Leg loads with the solved T_bh
A44: Rear leg load FX = ld + T_bh bh | B44: =Loads!$W$306+Statics!$H$37*Loads!$Z$306 | C44: kN | D44: rear_fx
A45: Rear leg load FZ = ld + T_bh bh | B45: =Loads!$X$306+Statics!$H$37*Loads!$AA$306 | C45: kN | D45: rear_fz
A46: Rear leg load M = ld + T_bh bh | B46: =Loads!$Y$306+Statics!$H$37*Loads!$AB$306 | C46: kNm | D46: rear_m
A47: Front leg load FX = ld + T_bh bh | B47: =Loads!$W$307+Statics!$H$37*Loads!$Z$307 | C47: kN | D47: front_fx
A48: Front leg load FZ = ld + T_bh bh | B48: =Loads!$X$307+Statics!$H$37*Loads!$AA$307 | C48: kN | D48: front_fz
A49: Front leg load M = ld + T_bh bh | B49: =Loads!$Y$307+Statics!$H$37*Loads!$AB$307 | C49: kNm | D49: front_m
A51: Leg frame: [R_rb_x, R_rb_z, R_fb_x, R_fb_z, R_top_x, R_top_z] -- A x = b
A52: Equation | B52: A: coefficient of r_rb_x | C52: A: coefficient of r_rb_z | D52: A: coefficient of r_fb_x | E52: A: coefficient of r_fb_z | F52: A: coefficient of r_top_x | G52: A: coefficient of r_top_z | H52: b (right-hand side) [kN or kNm] | I52: Unknown x | J52: MMULT(MINVERSE(A), b) | K52: x used (0 if singular) | L52: Row norm |A_i|
A53: Rear leg: sum Fx = 0 | B53: 1 | C53: 0 | D53: 0 | E53: 0 | F53: -1 | G53: 0 | H53: =-Statics!$B$44 | I53: r_rb_x: Rear base on rear leg x [kN] | J53: {=MMULT(MINVERSE($B$53:$G$58),$H$53:$H$58)} | K53: =IF(Statics!$B$62=1,0,Statics!$J$53) | L53: =SQRT(SUMSQ(B53:G53))
A54: Rear leg: sum Fz = 0 | B54: 0 | C54: 1 | D54: 0 | E54: 0 | F54: 0 | G54: -1 | H54: =-Statics!$B$45 | I54: r_rb_z: Rear base on rear leg z [kN] | K54: =IF(Statics!$B$62=1,0,Statics!$J$54) | L54: =SQRT(SUMSQ(B54:G54))
A55: Rear leg: sum M about the origin = 0 | B55: =-Statics!$B$19 | C55: =Statics!$B$18 | D55: 0 | E55: 0 | F55: =Statics!$B$21 | G55: =-Statics!$B$20 | H55: =-Statics!$B$46 | I55: r_fb_x: Front base on front leg x [kN] | K55: =IF(Statics!$B$62=1,0,Statics!$J$55) | L55: =SQRT(SUMSQ(B55:G55))
A56: Front leg: sum Fx = 0 | B56: 0 | C56: 0 | D56: 1 | E56: 0 | F56: 1 | G56: 0 | H56: =-Statics!$B$47 | I56: r_fb_z: Front base on front leg z [kN] | K56: =IF(Statics!$B$62=1,0,Statics!$J$56) | L56: =SQRT(SUMSQ(B56:G56))
A57: Front leg: sum Fz = 0 | B57: 0 | C57: 0 | D57: 0 | E57: 1 | F57: 0 | G57: 1 | H57: =-Statics!$B$48 | I57: r_top_x: Top joint x (on front leg; rear leg gets -) [kN] | K57: =IF(Statics!$B$62=1,0,Statics!$J$57) | L57: =SQRT(SUMSQ(B57:G57))
A58: Front leg: sum M about the origin = 0 | B58: 0 | C58: 0 | D58: =-Statics!$B$23 | E58: =Statics!$B$22 | F58: =-Statics!$B$25 | G58: =Statics!$B$24 | H58: =-Statics!$B$49 | I58: r_top_z: Top joint z (on front leg; rear leg gets -) [kN] | K58: =IF(Statics!$B$62=1,0,Statics!$J$58) | L58: =SQRT(SUMSQ(B58:G58))
A59: det A (MDETERM) | B59: =MDETERM($B$53:$G$58) | D59: det
A60: Product of the row norms of A | B60: =PRODUCT($L$53:$L$58) | D60: norm_product
A61: |det A| / product of row norms | B61: =IF(Statics!$B$60>0,ABS(Statics!$B$59)/Statics!$B$60,0) | D61: rel_det -- 1 = orthogonal rows, 0 = singular
A62: Singular | B62: =IF(OR(Statics!$B$61<=1E-12,ISERROR(SUM($J$53:$J$58))),1,0) | C62: 1/0 | D62: singular -- rel_det <= 1e-12 or MINVERSE fails
A64: Platform resultant at the ground (platform_base)
A65: Platform load Fx = ld + T_bh bh | B65: =Loads!$W$308+Statics!$H$37*Loads!$Z$308 | C65: kN | D65: load_fx
A66: Platform load Fz = ld + T_bh bh | B66: =Loads!$X$308+Statics!$H$37*Loads!$AA$308 | C66: kN | D66: load_fz
A67: Platform load M = ld + T_bh bh | B67: =Loads!$Y$308+Statics!$H$37*Loads!$AB$308 | C67: kNm | D67: load_m
A68: Platform Fx incl. -Hx, -R_rb_x, -R_fb_x | B68: =Statics!$B$65-Statics!$H$35-Statics!$K$53-Statics!$K$55 | C68: kN | D68: plat_fx
A69: Platform Fz incl. -Hz, -R_rb_z, -R_fb_z | B69: =Statics!$B$66-Statics!$H$36-Statics!$K$54-Statics!$K$56 | C69: kN | D69: plat_fz
A70: Platform M incl. the reactions at platform_heel/_rear/_front | B70: =Statics!$B$67+Statics!$B$26*(-Statics!$H$36)-Statics!$B$27*(-Statics!$H$35)+Statics!$B$28*(-Statics!$K$54)-Statics!$B$29*(-Statics!$K$53)+Statics!$B$30*(-Statics!$K$56)-Statics!$B$31*(-Statics!$K$55) | C70: kNm | D70: plat_m -- x (-Fz) - z (-Fx) per node
A71: Ground reaction Fx = -platform Fx | B71: =-Statics!$B$68 | C71: kN | D71: r_g_x -- reaction platform_base Fx
A72: Ground reaction Fz = -platform Fz | B72: =-Statics!$B$69 | C72: kN | D72: r_g_z -- reaction platform_base Fz
A73: Ground moment My = -platform M | B73: =-Statics!$B$70 | C73: kNm | D73: m_g -- reaction platform_base My
A75: Leg axes (for leg_axial / leg_normal)
A76: Rear leg length rear_base -> rear_top | B76: =SQRT((Statics!$B$20-Statics!$B$18)^2+(Statics!$B$21-Statics!$B$19)^2) | C76: m | D76: rear_len_m
A77: Rear leg axis ux | B77: =IF(Statics!$B$79=1,(Statics!$B$20-Statics!$B$18)/Statics!$B$76,0) | D77: rear_ux -- 0 if length <= 1e-12
A78: Rear leg axis uz | B78: =IF(Statics!$B$79=1,(Statics!$B$21-Statics!$B$19)/Statics!$B$76,0) | D78: rear_uz -- 0 if length <= 1e-12
A79: Rear leg axis defined | B79: =IF(Statics!$B$76>1E-12,1,0) | C79: 1/0 | D79: rear_axis_ok
A80: Front leg length front_base -> front_top | B80: =SQRT((Statics!$B$24-Statics!$B$22)^2+(Statics!$B$25-Statics!$B$23)^2) | C80: m | D80: front_len_m
A81: Front leg axis ux | B81: =IF(Statics!$B$83=1,(Statics!$B$24-Statics!$B$22)/Statics!$B$80,0) | D81: front_ux -- 0 if length <= 1e-12
A82: Front leg axis uz | B82: =IF(Statics!$B$83=1,(Statics!$B$25-Statics!$B$23)/Statics!$B$80,0) | D82: front_uz -- 0 if length <= 1e-12
A83: Front leg axis defined | B83: =IF(Statics!$B$80>1E-12,1,0) | C83: 1/0 | D83: front_axis_ok

Sheet OutOfPlane
A1: OutOfPlane -- Y loads, left/right split, platform Fy and Mx
A3: The app's out-of-plane (Y) pass (calculation/engine.py _out_of_plane_variants, _out_of_plane_geometry, _augment_point_with_out_of_plane_loads), evaluated once with the actual hook load. It does not change the in-plane solve; it adds the left/right support split and the platform base Fy and Mx.
A4: Y loads: every mass point and every lumped mass (rope self-weight, idle hook blocks; y = 0) carries Fy = -m (ay' - roll' (z - z_ref)) (crane-frame ay' = Geometry solver_ay, roll' = roll_accel_crane); Y wind Fy = sign q Cd A_y scale (scale = |sin(boom angle)| for boom-local areas only); the sidelead force sin(sidelead) x hook load acts in +y at the scene hoist's support node (its hook node if the support is missing), at its kinematic position (before the tackle moves the hook).
A5: Moments of the applied loads about each support group origin (heel = boom_heel, front_leg = front_base, rear_leg = rear_base, platform_base = platform_heel): Mx = y Fz - (z - oz) Fy, Mz = (x - ox) Fy - y Fx. Mass Fx/Fz are the Loads mass loads (weight + inertia); wind and side forces have y = 0.
A6: Split (as the app, possibly an app sign bug): left = 0.5 total + M / boom width, right = 0.5 total - M / boom width, Fx using Mz and Fz using Mx; total = the in-plane reaction (Statics). So heel_left behaves as the -Y side.
A7: Platform base Fy = the sum of all applied Fy, Mx = Mx of the applied loads about platform_heel: the sign of the loads, not of a reaction (as the app). The front/rear leg splits are shown but the Scene does not report them.
A8: Boom width must be > 0: the app rejects 0 and its split divides by it; Results then shows a message (check zero_boom_width).
A11: Scene values used by the out-of-plane pass
A12: Vessel motion reference z (roll lever origin) | B12: =Loads!$B$14 | C12: m | D12: ref_z_m -- Loads
A13: Crane-frame Y acceleration ay' (= -ky) | B13: =Geometry!$B$50 | C13: m/s^2 | D13: ay -- Geometry solver_ay
A14: Roll angular acceleration, crane frame | B14: =Geometry!$B$53 | C14: rad/s^2 | D14: roll -- Geometry
A15: Y wind sign | B15: =IF(Inputs!$B$32=0,0,IF(Inputs!$B$33="+Y",1,IF(Inputs!$B$33="-Y",-1,0))) | C15: +1/-1/0 | D15: wind_y_sign -- +Y: 1, -Y: -1, X wind or speed 0: 0
A16: 0.5 rho V^2 / 1000 | B16: =Loads!$B$22 | C16: kN/m^2 | D16: wind_q_kN_m2 -- Loads
A17: |sin(boom angle)| (boom-local areas) | B17: =Loads!$B$23 | D17: boom_wind_scale -- Loads
A18: Hook load | B18: =Loads!$B$24 | C18: kN | D18: hook_kN -- scene value
A19: Side force sin(sidelead) x hook load | B19: =SIN(RADIANS(Inputs!$B$31))*OutOfPlane!$B$18 | C19: kN | D19: sidelead_kN -- +y
A20: Boom width (heel left/right spacing) | B20: =Inputs!$B$12+0 | C20: m | D20: boom_width_m -- Inputs structure
A21: Boom width > 0 | B21: =IF(OutOfPlane!$B$20>0,1,0) | C21: 1/0 | D21: width_ok -- 0 trips check zero_boom_width
A22: Slewing bearing diameter | B22: =Inputs!$B$13+0 | C22: m | D22: bearing_d_m -- Inputs structure; may be blank
A23: Bearing diameter > 0 | B23: =IF(OutOfPlane!$B$22>0,1,0) | C23: 1/0 | D23: bearing_ok -- 0: bearing rows are n/a
A25: Sidelead force (scene hoist)
A26: Row of the scene hoist in hoists | B26: =IF(Inputs!$B$26="",0,IFERROR(MATCH(Inputs!$B$26,Loads!$B$139:$B$146,0),0)) | C26: row | D26: hoist_row -- 0 = missing
A27: Its support node | B27: =IF(OutOfPlane!$B$26>0,INDEX(Inputs!$E$304:$E$311,OutOfPlane!$B$26)&"","") | D27: support_id -- Inputs hoists support_node_id
A28: Its hook node (fallback) | B28: =IF(OutOfPlane!$B$26>0,INDEX(Inputs!$D$304:$D$311,OutOfPlane!$B$26)&"","") | D28: hook_id -- Inputs hoists load_node_id
A29: Row of the support node in nodes | B29: =IF(OutOfPlane!$B$27="",0,IFERROR(MATCH(OutOfPlane!$B$27,Geometry!$B$58:$B$137,0),0)) | C29: row | D29: support_row -- 0 = missing
A30: Row of the hook node in nodes | B30: =IF(OutOfPlane!$B$28="",0,IFERROR(MATCH(OutOfPlane!$B$28,Geometry!$B$58:$B$137,0),0)) | C30: row | D30: hook_row -- 0 = missing
A31: Row of the node the side force acts at | B31: =IF(OutOfPlane!$B$29>0,OutOfPlane!$B$29,OutOfPlane!$B$30) | C31: row | D31: node_row -- support, else hook
A32: Its x (kinematics) | B32: =IF(OutOfPlane!$B$31>0,INDEX(Geometry!$H$58:$H$137,OutOfPlane!$B$31),0) | C32: m | D32: x_m -- Geometry x_kin_m
A33: Its z (kinematics) | B33: =IF(OutOfPlane!$B$31>0,INDEX(Geometry!$I$58:$I$137,OutOfPlane!$B$31),0) | C33: m | D33: z_m -- Geometry z_kin_m
A34: Side force Fy | B34: =IF(OutOfPlane!$B$31>0,OutOfPlane!$B$19,0) | C34: kN | D34: fy_kN -- 0 if no node
A36: Mass points (row i = Inputs mass points row i)
A37: Active [1/0] | B37: Body | C37: Frame | D37: x global [m] | E37: y (boom-local v, else y) [m] | F37: z global [m] | G37: Mass [t] | H37: Fx = weight + inertia [kN] | I37: Fz = weight + inertia [kN] | J37: Fy = -m (ay' - roll' (z - z_ref)) [kN]
A38: active (from Inputs) | B38: body | C38: frame | D38: x_m (Loads) | E38: y_m | F38: z_m (Loads) | G38: mass_t | H38: fx_kN (Loads) | I38: fz_kN (Loads) | J38: fy_kN
A39: =Inputs!$A$46 | B39: =Loads!$B$33 | C39: =IF(OutOfPlane!$A$39=1,Inputs!$D$46&"","") | D39: =Loads!$C$33 | E39: =IF(OutOfPlane!$A$39=1,IF(OutOfPlane!$C$39="boom_local",Inputs!$G$46,Inputs!$J$46)+0,0) | F39: =Loads!$D$33 | G39: =Loads!$E$33 | H39: =Loads!$L$33 | I39: =Loads!$M$33 | J39: =-OutOfPlane!$G$39*(OutOfPlane!$B$13-OutOfPlane!$B$14*(OutOfPlane!$F$39-OutOfPlane!$B$12))
A40: =Inputs!$A$47 | B40: =Loads!$B$34 | C40: =IF(OutOfPlane!$A$40=1,Inputs!$D$47&"","") | D40: =Loads!$C$34 | E40: =IF(OutOfPlane!$A$40=1,IF(OutOfPlane!$C$40="boom_local",Inputs!$G$47,Inputs!$J$47)+0,0) | F40: =Loads!$D$34 | G40: =Loads!$E$34 | H40: =Loads!$L$34 | I40: =Loads!$M$34 | J40: =-OutOfPlane!$G$40*(OutOfPlane!$B$13-OutOfPlane!$B$14*(OutOfPlane!$F$40-OutOfPlane!$B$12))
A41: =Inputs!$A$48 | B41: =Loads!$B$35 | C41: =IF(OutOfPlane!$A$41=1,Inputs!$D$48&"","") | D41: =Loads!$C$35 | E41: =IF(OutOfPlane!$A$41=1,IF(OutOfPlane!$C$41="boom_local",Inputs!$G$48,Inputs!$J$48)+0,0) | F41: =Loads!$D$35 | G41: =Loads!$E$35 | H41: =Loads!$L$35 | I41: =Loads!$M$35 | J41: =-OutOfPlane!$G$41*(OutOfPlane!$B$13-OutOfPlane!$B$14*(OutOfPlane!$F$41-OutOfPlane!$B$12))
A42: =Inputs!$A$49 | B42: =Loads!$B$36 | C42: =IF(OutOfPlane!$A$42=1,Inputs!$D$49&"","") | D42: =Loads!$C$36 | E42: =IF(OutOfPlane!$A$42=1,IF(OutOfPlane!$C$42="boom_local",Inputs!$G$49,Inputs!$J$49)+0,0) | F42: =Loads!$D$36 | G42: =Loads!$E$36 | H42: =Loads!$L$36 | I42: =Loads!$M$36 | J42: =-OutOfPlane!$G$42*(OutOfPlane!$B$13-OutOfPlane!$B$14*(OutOfPlane!$F$42-OutOfPlane!$B$12))
A43: =Inputs!$A$50 | B43: =Loads!$B$37 | C43: =IF(OutOfPlane!$A$43=1,Inputs!$D$50&"","") | D43: =Loads!$C$37 | E43: =IF(OutOfPlane!$A$43=1,IF(OutOfPlane!$C$43="boom_local",Inputs!$G$50,Inputs!$J$50)+0,0) | F43: =Loads!$D$37 | G43: =Loads!$E$37 | H43: =Loads!$L$37 | I43: =Loads!$M$37 | J43: =-OutOfPlane!$G$43*(OutOfPlane!$B$13-OutOfPlane!$B$14*(OutOfPlane!$F$43-OutOfPlane!$B$12))
A44: =Inputs!$A$51 | B44: =Loads!$B$38 | C44: =IF(OutOfPlane!$A$44=1,Inputs!$D$51&"","") | D44: =Loads!$C$38 | E44: =IF(OutOfPlane!$A$44=1,IF(OutOfPlane!$C$44="boom_local",Inputs!$G$51,Inputs!$J$51)+0,0) | F44: =Loads!$D$38 | G44: =Loads!$E$38 | H44: =Loads!$L$38 | I44: =Loads!$M$38 | J44: =-OutOfPlane!$G$44*(OutOfPlane!$B$13-OutOfPlane!$B$14*(OutOfPlane!$F$44-OutOfPlane!$B$12))
A45: =Inputs!$A$52 | B45: =Loads!$B$39 | C45: =IF(OutOfPlane!$A$45=1,Inputs!$D$52&"","") | D45: =Loads!$C$39 | E45: =IF(OutOfPlane!$A$45=1,IF(OutOfPlane!$C$45="boom_local",Inputs!$G$52,Inputs!$J$52)+0,0) | F45: =Loads!$D$39 | G45: =Loads!$E$39 | H45: =Loads!$L$39 | I45: =Loads!$M$39 | J45: =-OutOfPlane!$G$45*(OutOfPlane!$B$13-OutOfPlane!$B$14*(OutOfPlane!$F$45-OutOfPlane!$B$12))
A46: =Inputs!$A$53 | B46: =Loads!$B$40 | C46: =IF(OutOfPlane!$A$46=1,Inputs!$D$53&"","") | D46: =Loads!$C$40 | E46: =IF(OutOfPlane!$A$46=1,IF(OutOfPlane!$C$46="boom_local",Inputs!$G$53,Inputs!$J$53)+0,0) | F46: =Loads!$D$40 | G46: =Loads!$E$40 | H46: =Loads!$L$40 | I46: =Loads!$M$40 | J46: =-OutOfPlane!$G$46*(OutOfPlane!$B$13-OutOfPlane!$B$14*(OutOfPlane!$F$46-OutOfPlane!$B$12))
A47: =Inputs!$A$54 | B47: =Loads!$B$41 | C47: =IF(OutOfPlane!$A$47=1,Inputs!$D$54&"","") | D47: =Loads!$C$41 | E47: =IF(OutOfPlane!$A$47=1,IF(OutOfPlane!$C$47="boom_local",Inputs!$G$54,Inputs!$J$54)+0,0) | F47: =Loads!$D$41 | G47: =Loads!$E$41 | H47: =Loads!$L$41 | I47: =Loads!$M$41 | J47: =-OutOfPlane!$G$47*(OutOfPlane!$B$13-OutOfPlane!$B$14*(OutOfPlane!$F$47-OutOfPlane!$B$12))
A48: =Inputs!$A$55 | B48: =Loads!$B$42 | C48: =IF(OutOfPlane!$A$48=1,Inputs!$D$55&"","") | D48: =Loads!$C$42 | E48: =IF(OutOfPlane!$A$48=1,IF(OutOfPlane!$C$48="boom_local",Inputs!$G$55,Inputs!$J$55)+0,0) | F48: =Loads!$D$42 | G48: =Loads!$E$42 | H48: =Loads!$L$42 | I48: =Loads!$M$42 | J48: =-OutOfPlane!$G$48*(OutOfPlane!$B$13-OutOfPlane!$B$14*(OutOfPlane!$F$48-OutOfPlane!$B$12))
A49: =Inputs!$A$56 | B49: =Loads!$B$43 | C49: =IF(OutOfPlane!$A$49=1,Inputs!$D$56&"","") | D49: =Loads!$C$43 | E49: =IF(OutOfPlane!$A$49=1,IF(OutOfPlane!$C$49="boom_local",Inputs!$G$56,Inputs!$J$56)+0,0) | F49: =Loads!$D$43 | G49: =Loads!$E$43 | H49: =Loads!$L$43 | I49: =Loads!$M$43 | J49: =-OutOfPlane!$G$49*(OutOfPlane!$B$13-OutOfPlane!$B$14*(OutOfPlane!$F$49-OutOfPlane!$B$12))
A50: =Inputs!$A$57 | B50: =Loads!$B$44 | C50: =IF(OutOfPlane!$A$50=1,Inputs!$D$57&"","") | D50: =Loads!$C$44 | E50: =IF(OutOfPlane!$A$50=1,IF(OutOfPlane!$C$50="boom_local",Inputs!$G$57,Inputs!$J$57)+0,0) | F50: =Loads!$D$44 | G50: =Loads!$E$44 | H50: =Loads!$L$44 | I50: =Loads!$M$44 | J50: =-OutOfPlane!$G$50*(OutOfPlane!$B$13-OutOfPlane!$B$14*(OutOfPlane!$F$50-OutOfPlane!$B$12))
A51: =Inputs!$A$58 | B51: =Loads!$B$45 | C51: =IF(OutOfPlane!$A$51=1,Inputs!$D$58&"","") | D51: =Loads!$C$45 | E51: =IF(OutOfPlane!$A$51=1,IF(OutOfPlane!$C$51="boom_local",Inputs!$G$58,Inputs!$J$58)+0,0) | F51: =Loads!$D$45 | G51: =Loads!$E$45 | H51: =Loads!$L$45 | I51: =Loads!$M$45 | J51: =-OutOfPlane!$G$51*(OutOfPlane!$B$13-OutOfPlane!$B$14*(OutOfPlane!$F$51-OutOfPlane!$B$12))
A52: =Inputs!$A$59 | B52: =Loads!$B$46 | C52: =IF(OutOfPlane!$A$52=1,Inputs!$D$59&"","") | D52: =Loads!$C$46 | E52: =IF(OutOfPlane!$A$52=1,IF(OutOfPlane!$C$52="boom_local",Inputs!$G$59,Inputs!$J$59)+0,0) | F52: =Loads!$D$46 | G52: =Loads!$E$46 | H52: =Loads!$L$46 | I52: =Loads!$M$46 | J52: =-OutOfPlane!$G$52*(OutOfPlane!$B$13-OutOfPlane!$B$14*(OutOfPlane!$F$52-OutOfPlane!$B$12))
A53: =Inputs!$A$60 | B53: =Loads!$B$47 | C53: =IF(OutOfPlane!$A$53=1,Inputs!$D$60&"","") | D53: =Loads!$C$47 | E53: =IF(OutOfPlane!$A$53=1,IF(OutOfPlane!$C$53="boom_local",Inputs!$G$60,Inputs!$J$60)+0,0) | F53: =Loads!$D$47 | G53: =Loads!$E$47 | H53: =Loads!$L$47 | I53: =Loads!$M$47 | J53: =-OutOfPlane!$G$53*(OutOfPlane!$B$13-OutOfPlane!$B$14*(OutOfPlane!$F$53-OutOfPlane!$B$12))
A54: =Inputs!$A$61 | B54: =Loads!$B$48 | C54: =IF(OutOfPlane!$A$54=1,Inputs!$D$61&"","") | D54: =Loads!$C$48 | E54: =IF(OutOfPlane!$A$54=1,IF(OutOfPlane!$C$54="boom_local",Inputs!$G$61,Inputs!$J$61)+0,0) | F54: =Loads!$D$48 | G54: =Loads!$E$48 | H54: =Loads!$L$48 | I54: =Loads!$M$48 | J54: =-OutOfPlane!$G$54*(OutOfPlane!$B$13-OutOfPlane!$B$14*(OutOfPlane!$F$54-OutOfPlane!$B$12))
A55: =Inputs!$A$62 | B55: =Loads!$B$49 | C55: =IF(OutOfPlane!$A$55=1,Inputs!$D$62&"","") | D55: =Loads!$C$49 | E55: =IF(OutOfPlane!$A$55=1,IF(OutOfPlane!$C$55="boom_local",Inputs!$G$62,Inputs!$J$62)+0,0) | F55: =Loads!$D$49 | G55: =Loads!$E$49 | H55: =Loads!$L$49 | I55: =Loads!$M$49 | J55: =-OutOfPlane!$G$55*(OutOfPlane!$B$13-OutOfPlane!$B$14*(OutOfPlane!$F$55-OutOfPlane!$B$12))
A56: =Inputs!$A$63 | B56: =Loads!$B$50 | C56: =IF(OutOfPlane!$A$56=1,Inputs!$D$63&"","") | D56: =Loads!$C$50 | E56: =IF(OutOfPlane!$A$56=1,IF(OutOfPlane!$C$56="boom_local",Inputs!$G$63,Inputs!$J$63)+0,0) | F56: =Loads!$D$50 | G56: =Loads!$E$50 | H56: =Loads!$L$50 | I56: =Loads!$M$50 | J56: =-OutOfPlane!$G$56*(OutOfPlane!$B$13-OutOfPlane!$B$14*(OutOfPlane!$F$56-OutOfPlane!$B$12))
A57: =Inputs!$A$64 | B57: =Loads!$B$51 | C57: =IF(OutOfPlane!$A$57=1,Inputs!$D$64&"","") | D57: =Loads!$C$51 | E57: =IF(OutOfPlane!$A$57=1,IF(OutOfPlane!$C$57="boom_local",Inputs!$G$64,Inputs!$J$64)+0,0) | F57: =Loads!$D$51 | G57: =Loads!$E$51 | H57: =Loads!$L$51 | I57: =Loads!$M$51 | J57: =-OutOfPlane!$G$57*(OutOfPlane!$B$13-OutOfPlane!$B$14*(OutOfPlane!$F$57-OutOfPlane!$B$12))
A58: =Inputs!$A$65 | B58: =Loads!$B$52 | C58: =IF(OutOfPlane!$A$58=1,Inputs!$D$65&"","") | D58: =Loads!$C$52 | E58: =IF(OutOfPlane!$A$58=1,IF(OutOfPlane!$C$58="boom_local",Inputs!$G$65,Inputs!$J$65)+0,0) | F58: =Loads!$D$52 | G58: =Loads!$E$52 | H58: =Loads!$L$52 | I58: =Loads!$M$52 | J58: =-OutOfPlane!$G$58*(OutOfPlane!$B$13-OutOfPlane!$B$14*(OutOfPlane!$F$58-OutOfPlane!$B$12))
A59: =Inputs!$A$66 | B59: =Loads!$B$53 | C59: =IF(OutOfPlane!$A$59=1,Inputs!$D$66&"","") | D59: =Loads!$C$53 | E59: =IF(OutOfPlane!$A$59=1,IF(OutOfPlane!$C$59="boom_local",Inputs!$G$66,Inputs!$J$66)+0,0) | F59: =Loads!$D$53 | G59: =Loads!$E$53 | H59: =Loads!$L$53 | I59: =Loads!$M$53 | J59: =-OutOfPlane!$G$59*(OutOfPlane!$B$13-OutOfPlane!$B$14*(OutOfPlane!$F$59-OutOfPlane!$B$12))
A60: =Inputs!$A$67 | B60: =Loads!$B$54 | C60: =IF(OutOfPlane!$A$60=1,Inputs!$D$67&"","") | D60: =Loads!$C$54 | E60: =IF(OutOfPlane!$A$60=1,IF(OutOfPlane!$C$60="boom_local",Inputs!$G$67,Inputs!$J$67)+0,0) | F60: =Loads!$D$54 | G60: =Loads!$E$54 | H60: =Loads!$L$54 | I60: =Loads!$M$54 | J60: =-OutOfPlane!$G$60*(OutOfPlane!$B$13-OutOfPlane!$B$14*(OutOfPlane!$F$60-OutOfPlane!$B$12))
A61: =Inputs!$A$68 | B61: =Loads!$B$55 | C61: =IF(OutOfPlane!$A$61=1,Inputs!$D$68&"","") | D61: =Loads!$C$55 | E61: =IF(OutOfPlane!$A$61=1,IF(OutOfPlane!$C$61="boom_local",Inputs!$G$68,Inputs!$J$68)+0,0) | F61: =Loads!$D$55 | G61: =Loads!$E$55 | H61: =Loads!$L$55 | I61: =Loads!$M$55 | J61: =-OutOfPlane!$G$61*(OutOfPlane!$B$13-OutOfPlane!$B$14*(OutOfPlane!$F$61-OutOfPlane!$B$12))
A62: =Inputs!$A$69 | B62: =Loads!$B$56 | C62: =IF(OutOfPlane!$A$62=1,Inputs!$D$69&"","") | D62: =Loads!$C$56 | E62: =IF(OutOfPlane!$A$62=1,IF(OutOfPlane!$C$62="boom_local",Inputs!$G$69,Inputs!$J$69)+0,0) | F62: =Loads!$D$56 | G62: =Loads!$E$56 | H62: =Loads!$L$56 | I62: =Loads!$M$56 | J62: =-OutOfPlane!$G$62*(OutOfPlane!$B$13-OutOfPlane!$B$14*(OutOfPlane!$F$62-OutOfPlane!$B$12))
A63: =Inputs!$A$70 | B63: =Loads!$B$57 | C63: =IF(OutOfPlane!$A$63=1,Inputs!$D$70&"","") | D63: =Loads!$C$57 | E63: =IF(OutOfPlane!$A$63=1,IF(OutOfPlane!$C$63="boom_local",Inputs!$G$70,Inputs!$J$70)+0,0) | F63: =Loads!$D$57 | G63: =Loads!$E$57 | H63: =Loads!$L$57 | I63: =Loads!$M$57 | J63: =-OutOfPlane!$G$63*(OutOfPlane!$B$13-OutOfPlane!$B$14*(OutOfPlane!$F$63-OutOfPlane!$B$12))
A64: =Inputs!$A$71 | B64: =Loads!$B$58 | C64: =IF(OutOfPlane!$A$64=1,Inputs!$D$71&"","") | D64: =Loads!$C$58 | E64: =IF(OutOfPlane!$A$64=1,IF(OutOfPlane!$C$64="boom_local",Inputs!$G$71,Inputs!$J$71)+0,0) | F64: =Loads!$D$58 | G64: =Loads!$E$58 | H64: =Loads!$L$58 | I64: =Loads!$M$58 | J64: =-OutOfPlane!$G$64*(OutOfPlane!$B$13-OutOfPlane!$B$14*(OutOfPlane!$F$64-OutOfPlane!$B$12))
A65: =Inputs!$A$72 | B65: =Loads!$B$59 | C65: =IF(OutOfPlane!$A$65=1,Inputs!$D$72&"","") | D65: =Loads!$C$59 | E65: =IF(OutOfPlane!$A$65=1,IF(OutOfPlane!$C$65="boom_local",Inputs!$G$72,Inputs!$J$72)+0,0) | F65: =Loads!$D$59 | G65: =Loads!$E$59 | H65: =Loads!$L$59 | I65: =Loads!$M$59 | J65: =-OutOfPlane!$G$65*(OutOfPlane!$B$13-OutOfPlane!$B$14*(OutOfPlane!$F$65-OutOfPlane!$B$12))
A66: =Inputs!$A$73 | B66: =Loads!$B$60 | C66: =IF(OutOfPlane!$A$66=1,Inputs!$D$73&"","") | D66: =Loads!$C$60 | E66: =IF(OutOfPlane!$A$66=1,IF(OutOfPlane!$C$66="boom_local",Inputs!$G$73,Inputs!$J$73)+0,0) | F66: =Loads!$D$60 | G66: =Loads!$E$60 | H66: =Loads!$L$60 | I66: =Loads!$M$60 | J66: =-OutOfPlane!$G$66*(OutOfPlane!$B$13-OutOfPlane!$B$14*(OutOfPlane!$F$66-OutOfPlane!$B$12))
A67: =Inputs!$A$74 | B67: =Loads!$B$61 | C67: =IF(OutOfPlane!$A$67=1,Inputs!$D$74&"","") | D67: =Loads!$C$61 | E67: =IF(OutOfPlane!$A$67=1,IF(OutOfPlane!$C$67="boom_local",Inputs!$G$74,Inputs!$J$74)+0,0) | F67: =Loads!$D$61 | G67: =Loads!$E$61 | H67: =Loads!$L$61 | I67: =Loads!$M$61 | J67: =-OutOfPlane!$G$67*(OutOfPlane!$B$13-OutOfPlane!$B$14*(OutOfPlane!$F$67-OutOfPlane!$B$12))
A68: =Inputs!$A$75 | B68: =Loads!$B$62 | C68: =IF(OutOfPlane!$A$68=1,Inputs!$D$75&"","") | D68: =Loads!$C$62 | E68: =IF(OutOfPlane!$A$68=1,IF(OutOfPlane!$C$68="boom_local",Inputs!$G$75,Inputs!$J$75)+0,0) | F68: =Loads!$D$62 | G68: =Loads!$E$62 | H68: =Loads!$L$62 | I68: =Loads!$M$62 | J68: =-OutOfPlane!$G$68*(OutOfPlane!$B$13-OutOfPlane!$B$14*(OutOfPlane!$F$68-OutOfPlane!$B$12))
A69: =Inputs!$A$76 | B69: =Loads!$B$63 | C69: =IF(OutOfPlane!$A$69=1,Inputs!$D$76&"","") | D69: =Loads!$C$63 | E69: =IF(OutOfPlane!$A$69=1,IF(OutOfPlane!$C$69="boom_local",Inputs!$G$76,Inputs!$J$76)+0,0) | F69: =Loads!$D$63 | G69: =Loads!$E$63 | H69: =Loads!$L$63 | I69: =Loads!$M$63 | J69: =-OutOfPlane!$G$69*(OutOfPlane!$B$13-OutOfPlane!$B$14*(OutOfPlane!$F$69-OutOfPlane!$B$12))
A70: =Inputs!$A$77 | B70: =Loads!$B$64 | C70: =IF(OutOfPlane!$A$70=1,Inputs!$D$77&"","") | D70: =Loads!$C$64 | E70: =IF(OutOfPlane!$A$70=1,IF(OutOfPlane!$C$70="boom_local",Inputs!$G$77,Inputs!$J$77)+0,0) | F70: =Loads!$D$64 | G70: =Loads!$E$64 | H70: =Loads!$L$64 | I70: =Loads!$M$64 | J70: =-OutOfPlane!$G$70*(OutOfPlane!$B$13-OutOfPlane!$B$14*(OutOfPlane!$F$70-OutOfPlane!$B$12))
A71: =Inputs!$A$78 | B71: =Loads!$B$65 | C71: =IF(OutOfPlane!$A$71=1,Inputs!$D$78&"","") | D71: =Loads!$C$65 | E71: =IF(OutOfPlane!$A$71=1,IF(OutOfPlane!$C$71="boom_local",Inputs!$G$78,Inputs!$J$78)+0,0) | F71: =Loads!$D$65 | G71: =Loads!$E$65 | H71: =Loads!$L$65 | I71: =Loads!$M$65 | J71: =-OutOfPlane!$G$71*(OutOfPlane!$B$13-OutOfPlane!$B$14*(OutOfPlane!$F$71-OutOfPlane!$B$12))
A72: =Inputs!$A$79 | B72: =Loads!$B$66 | C72: =IF(OutOfPlane!$A$72=1,Inputs!$D$79&"","") | D72: =Loads!$C$66 | E72: =IF(OutOfPlane!$A$72=1,IF(OutOfPlane!$C$72="boom_local",Inputs!$G$79,Inputs!$J$79)+0,0) | F72: =Loads!$D$66 | G72: =Loads!$E$66 | H72: =Loads!$L$66 | I72: =Loads!$M$66 | J72: =-OutOfPlane!$G$72*(OutOfPlane!$B$13-OutOfPlane!$B$14*(OutOfPlane!$F$72-OutOfPlane!$B$12))
A73: =Inputs!$A$80 | B73: =Loads!$B$67 | C73: =IF(OutOfPlane!$A$73=1,Inputs!$D$80&"","") | D73: =Loads!$C$67 | E73: =IF(OutOfPlane!$A$73=1,IF(OutOfPlane!$C$73="boom_local",Inputs!$G$80,Inputs!$J$80)+0,0) | F73: =Loads!$D$67 | G73: =Loads!$E$67 | H73: =Loads!$L$67 | I73: =Loads!$M$67 | J73: =-OutOfPlane!$G$73*(OutOfPlane!$B$13-OutOfPlane!$B$14*(OutOfPlane!$F$73-OutOfPlane!$B$12))
A74: =Inputs!$A$81 | B74: =Loads!$B$68 | C74: =IF(OutOfPlane!$A$74=1,Inputs!$D$81&"","") | D74: =Loads!$C$68 | E74: =IF(OutOfPlane!$A$74=1,IF(OutOfPlane!$C$74="boom_local",Inputs!$G$81,Inputs!$J$81)+0,0) | F74: =Loads!$D$68 | G74: =Loads!$E$68 | H74: =Loads!$L$68 | I74: =Loads!$M$68 | J74: =-OutOfPlane!$G$74*(OutOfPlane!$B$13-OutOfPlane!$B$14*(OutOfPlane!$F$74-OutOfPlane!$B$12))
A75: =Inputs!$A$82 | B75: =Loads!$B$69 | C75: =IF(OutOfPlane!$A$75=1,Inputs!$D$82&"","") | D75: =Loads!$C$69 | E75: =IF(OutOfPlane!$A$75=1,IF(OutOfPlane!$C$75="boom_local",Inputs!$G$82,Inputs!$J$82)+0,0) | F75: =Loads!$D$69 | G75: =Loads!$E$69 | H75: =Loads!$L$69 | I75: =Loads!$M$69 | J75: =-OutOfPlane!$G$75*(OutOfPlane!$B$13-OutOfPlane!$B$14*(OutOfPlane!$F$75-OutOfPlane!$B$12))
A76: =Inputs!$A$83 | B76: =Loads!$B$70 | C76: =IF(OutOfPlane!$A$76=1,Inputs!$D$83&"","") | D76: =Loads!$C$70 | E76: =IF(OutOfPlane!$A$76=1,IF(OutOfPlane!$C$76="boom_local",Inputs!$G$83,Inputs!$J$83)+0,0) | F76: =Loads!$D$70 | G76: =Loads!$E$70 | H76: =Loads!$L$70 | I76: =Loads!$M$70 | J76: =-OutOfPlane!$G$76*(OutOfPlane!$B$13-OutOfPlane!$B$14*(OutOfPlane!$F$76-OutOfPlane!$B$12))
A77: =Inputs!$A$84 | B77: =Loads!$B$71 | C77: =IF(OutOfPlane!$A$77=1,Inputs!$D$84&"","") | D77: =Loads!$C$71 | E77: =IF(OutOfPlane!$A$77=1,IF(OutOfPlane!$C$77="boom_local",Inputs!$G$84,Inputs!$J$84)+0,0) | F77: =Loads!$D$71 | G77: =Loads!$E$71 | H77: =Loads!$L$71 | I77: =Loads!$M$71 | J77: =-OutOfPlane!$G$77*(OutOfPlane!$B$13-OutOfPlane!$B$14*(OutOfPlane!$F$77-OutOfPlane!$B$12))
A78: =Inputs!$A$85 | B78: =Loads!$B$72 | C78: =IF(OutOfPlane!$A$78=1,Inputs!$D$85&"","") | D78: =Loads!$C$72 | E78: =IF(OutOfPlane!$A$78=1,IF(OutOfPlane!$C$78="boom_local",Inputs!$G$85,Inputs!$J$85)+0,0) | F78: =Loads!$D$72 | G78: =Loads!$E$72 | H78: =Loads!$L$72 | I78: =Loads!$M$72 | J78: =-OutOfPlane!$G$78*(OutOfPlane!$B$13-OutOfPlane!$B$14*(OutOfPlane!$F$78-OutOfPlane!$B$12))
A82: Lumped masses at nodes (row i = Inputs nodes row i)
A83: Active [1/0] | B83: Node id | C83: x global [m] | D83: z global [m] | E83: Rope self-weight at node [t] | F83: Idle hook block mass [t] | G83: Lumped mass [t] | H83: Fy = -m (ay' - roll' (z - z_ref)) [kN]
A84: active (from Inputs) | B84: id | C84: x_m (Loads (with the tackle)) | D84: z_m | E84: rope_t (Loads rope_mass_t) | F84: idle_t (Loads idle_mass_t) | G84: mass_t | H84: fy_kN
A85: =Inputs!$A$138 | B85: =Loads!$B$219 | C85: =Loads!$D$219 | D85: =Loads!$E$219 | E85: =Loads!$H$219 | F85: =Loads!$L$219 | G85: =OutOfPlane!$E$85+OutOfPlane!$F$85 | H85: =-OutOfPlane!$G$85*(OutOfPlane!$B$13-OutOfPlane!$B$14*(OutOfPlane!$D$85-OutOfPlane!$B$12))
A86: =Inputs!$A$139 | B86: =Loads!$B$220 | C86: =Loads!$D$220 | D86: =Loads!$E$220 | E86: =Loads!$H$220 | F86: =Loads!$L$220 | G86: =OutOfPlane!$E$86+OutOfPlane!$F$86 | H86: =-OutOfPlane!$G$86*(OutOfPlane!$B$13-OutOfPlane!$B$14*(OutOfPlane!$D$86-OutOfPlane!$B$12))
A87: =Inputs!$A$140 | B87: =Loads!$B$221 | C87: =Loads!$D$221 | D87: =Loads!$E$221 | E87: =Loads!$H$221 | F87: =Loads!$L$221 | G87: =OutOfPlane!$E$87+OutOfPlane!$F$87 | H87: =-OutOfPlane!$G$87*(OutOfPlane!$B$13-OutOfPlane!$B$14*(OutOfPlane!$D$87-OutOfPlane!$B$12))
A88: =Inputs!$A$141 | B88: =Loads!$B$222 | C88: =Loads!$D$222 | D88: =Loads!$E$222 | E88: =Loads!$H$222 | F88: =Loads!$L$222 | G88: =OutOfPlane!$E$88+OutOfPlane!$F$88 | H88: =-OutOfPlane!$G$88*(OutOfPlane!$B$13-OutOfPlane!$B$14*(OutOfPlane!$D$88-OutOfPlane!$B$12))
A89: =Inputs!$A$142 | B89: =Loads!$B$223 | C89: =Loads!$D$223 | D89: =Loads!$E$223 | E89: =Loads!$H$223 | F89: =Loads!$L$223 | G89: =OutOfPlane!$E$89+OutOfPlane!$F$89 | H89: =-OutOfPlane!$G$89*(OutOfPlane!$B$13-OutOfPlane!$B$14*(OutOfPlane!$D$89-OutOfPlane!$B$12))
A90: =Inputs!$A$143 | B90: =Loads!$B$224 | C90: =Loads!$D$224 | D90: =Loads!$E$224 | E90: =Loads!$H$224 | F90: =Loads!$L$224 | G90: =OutOfPlane!$E$90+OutOfPlane!$F$90 | H90: =-OutOfPlane!$G$90*(OutOfPlane!$B$13-OutOfPlane!$B$14*(OutOfPlane!$D$90-OutOfPlane!$B$12))
A91: =Inputs!$A$144 | B91: =Loads!$B$225 | C91: =Loads!$D$225 | D91: =Loads!$E$225 | E91: =Loads!$H$225 | F91: =Loads!$L$225 | G91: =OutOfPlane!$E$91+OutOfPlane!$F$91 | H91: =-OutOfPlane!$G$91*(OutOfPlane!$B$13-OutOfPlane!$B$14*(OutOfPlane!$D$91-OutOfPlane!$B$12))
A92: =Inputs!$A$145 | B92: =Loads!$B$226 | C92: =Loads!$D$226 | D92: =Loads!$E$226 | E92: =Loads!$H$226 | F92: =Loads!$L$226 | G92: =OutOfPlane!$E$92+OutOfPlane!$F$92 | H92: =-OutOfPlane!$G$92*(OutOfPlane!$B$13-OutOfPlane!$B$14*(OutOfPlane!$D$92-OutOfPlane!$B$12))
A93: =Inputs!$A$146 | B93: =Loads!$B$227 | C93: =Loads!$D$227 | D93: =Loads!$E$227 | E93: =Loads!$H$227 | F93: =Loads!$L$227 | G93: =OutOfPlane!$E$93+OutOfPlane!$F$93 | H93: =-OutOfPlane!$G$93*(OutOfPlane!$B$13-OutOfPlane!$B$14*(OutOfPlane!$D$93-OutOfPlane!$B$12))
A94: =Inputs!$A$147 | B94: =Loads!$B$228 | C94: =Loads!$D$228 | D94: =Loads!$E$228 | E94: =Loads!$H$228 | F94: =Loads!$L$228 | G94: =OutOfPlane!$E$94+OutOfPlane!$F$94 | H94: =-OutOfPlane!$G$94*(OutOfPlane!$B$13-OutOfPlane!$B$14*(OutOfPlane!$D$94-OutOfPlane!$B$12))
A95: =Inputs!$A$148 | B95: =Loads!$B$229 | C95: =Loads!$D$229 | D95: =Loads!$E$229 | E95: =Loads!$H$229 | F95: =Loads!$L$229 | G95: =OutOfPlane!$E$95+OutOfPlane!$F$95 | H95: =-OutOfPlane!$G$95*(OutOfPlane!$B$13-OutOfPlane!$B$14*(OutOfPlane!$D$95-OutOfPlane!$B$12))
A96: =Inputs!$A$149 | B96: =Loads!$B$230 | C96: =Loads!$D$230 | D96: =Loads!$E$230 | E96: =Loads!$H$230 | F96: =Loads!$L$230 | G96: =OutOfPlane!$E$96+OutOfPlane!$F$96 | H96: =-OutOfPlane!$G$96*(OutOfPlane!$B$13-OutOfPlane!$B$14*(OutOfPlane!$D$96-OutOfPlane!$B$12))
A97: =Inputs!$A$150 | B97: =Loads!$B$231 | C97: =Loads!$D$231 | D97: =Loads!$E$231 | E97: =Loads!$H$231 | F97: =Loads!$L$231 | G97: =OutOfPlane!$E$97+OutOfPlane!$F$97 | H97: =-OutOfPlane!$G$97*(OutOfPlane!$B$13-OutOfPlane!$B$14*(OutOfPlane!$D$97-OutOfPlane!$B$12))
A98: =Inputs!$A$151 | B98: =Loads!$B$232 | C98: =Loads!$D$232 | D98: =Loads!$E$232 | E98: =Loads!$H$232 | F98: =Loads!$L$232 | G98: =OutOfPlane!$E$98+OutOfPlane!$F$98 | H98: =-OutOfPlane!$G$98*(OutOfPlane!$B$13-OutOfPlane!$B$14*(OutOfPlane!$D$98-OutOfPlane!$B$12))
A99: =Inputs!$A$152 | B99: =Loads!$B$233 | C99: =Loads!$D$233 | D99: =Loads!$E$233 | E99: =Loads!$H$233 | F99: =Loads!$L$233 | G99: =OutOfPlane!$E$99+OutOfPlane!$F$99 | H99: =-OutOfPlane!$G$99*(OutOfPlane!$B$13-OutOfPlane!$B$14*(OutOfPlane!$D$99-OutOfPlane!$B$12))
A100: =Inputs!$A$153 | B100: =Loads!$B$234 | C100: =Loads!$D$234 | D100: =Loads!$E$234 | E100: =Loads!$H$234 | F100: =Loads!$L$234 | G100: =OutOfPlane!$E$100+OutOfPlane!$F$100 | H100: =-OutOfPlane!$G$100*(OutOfPlane!$B$13-OutOfPlane!$B$14*(OutOfPlane!$D$100-OutOfPlane!$B$12))
A101: =Inputs!$A$154 | B101: =Loads!$B$235 | C101: =Loads!$D$235 | D101: =Loads!$E$235 | E101: =Loads!$H$235 | F101: =Loads!$L$235 | G101: =OutOfPlane!$E$101+OutOfPlane!$F$101 | H101: =-OutOfPlane!$G$101*(OutOfPlane!$B$13-OutOfPlane!$B$14*(OutOfPlane!$D$101-OutOfPlane!$B$12))
A102: =Inputs!$A$155 | B102: =Loads!$B$236 | C102: =Loads!$D$236 | D102: =Loads!$E$236 | E102: =Loads!$H$236 | F102: =Loads!$L$236 | G102: =OutOfPlane!$E$102+OutOfPlane!$F$102 | H102: =-OutOfPlane!$G$102*(OutOfPlane!$B$13-OutOfPlane!$B$14*(OutOfPlane!$D$102-OutOfPlane!$B$12))
A103: =Inputs!$A$156 | B103: =Loads!$B$237 | C103: =Loads!$D$237 | D103: =Loads!$E$237 | E103: =Loads!$H$237 | F103: =Loads!$L$237 | G103: =OutOfPlane!$E$103+OutOfPlane!$F$103 | H103: =-OutOfPlane!$G$103*(OutOfPlane!$B$13-OutOfPlane!$B$14*(OutOfPlane!$D$103-OutOfPlane!$B$12))
A104: =Inputs!$A$157 | B104: =Loads!$B$238 | C104: =Loads!$D$238 | D104: =Loads!$E$238 | E104: =Loads!$H$238 | F104: =Loads!$L$238 | G104: =OutOfPlane!$E$104+OutOfPlane!$F$104 | H104: =-OutOfPlane!$G$104*(OutOfPlane!$B$13-OutOfPlane!$B$14*(OutOfPlane!$D$104-OutOfPlane!$B$12))
A105: =Inputs!$A$158 | B105: =Loads!$B$239 | C105: =Loads!$D$239 | D105: =Loads!$E$239 | E105: =Loads!$H$239 | F105: =Loads!$L$239 | G105: =OutOfPlane!$E$105+OutOfPlane!$F$105 | H105: =-OutOfPlane!$G$105*(OutOfPlane!$B$13-OutOfPlane!$B$14*(OutOfPlane!$D$105-OutOfPlane!$B$12))
A106: =Inputs!$A$159 | B106: =Loads!$B$240 | C106: =Loads!$D$240 | D106: =Loads!$E$240 | E106: =Loads!$H$240 | F106: =Loads!$L$240 | G106: =OutOfPlane!$E$106+OutOfPlane!$F$106 | H106: =-OutOfPlane!$G$106*(OutOfPlane!$B$13-OutOfPlane!$B$14*(OutOfPlane!$D$106-OutOfPlane!$B$12))
A107: =Inputs!$A$160 | B107: =Loads!$B$241 | C107: =Loads!$D$241 | D107: =Loads!$E$241 | E107: =Loads!$H$241 | F107: =Loads!$L$241 | G107: =OutOfPlane!$E$107+OutOfPlane!$F$107 | H107: =-OutOfPlane!$G$107*(OutOfPlane!$B$13-OutOfPlane!$B$14*(OutOfPlane!$D$107-OutOfPlane!$B$12))
A108: =Inputs!$A$161 | B108: =Loads!$B$242 | C108: =Loads!$D$242 | D108: =Loads!$E$242 | E108: =Loads!$H$242 | F108: =Loads!$L$242 | G108: =OutOfPlane!$E$108+OutOfPlane!$F$108 | H108: =-OutOfPlane!$G$108*(OutOfPlane!$B$13-OutOfPlane!$B$14*(OutOfPlane!$D$108-OutOfPlane!$B$12))
...

Sheet Results
A1: Results -- rope tensions and support reactions
A3: What the Scene results table shows (core/analysis_services.py compute_result_rows), for the operating state on Inputs. Units: kN, kNm.
A4: Rope tensions: the solve rope's hoist reads T_bh (Statics); fixed ropes read their Loads tension (scene hoist: hook load / parts; idle hoists: hook mass x (|g| + az') / parts).
A5: Reactions (calculation/solver/crane_solver.py _reactions_from_raw): heel_point = (Hx, Hz), rear_hinge = R_rb, front_hinge = R_fb, upper_hinge = R_top, platform_base = (r_g_x, r_g_z, m_g). Support reactions: weight gives positive Fz. Pinned supports carry no moment.
A6: resultant = sqrt(Fx^2 + Fz^2); leg_axial = Fx ux + Fz uz and leg_normal = -Fx uz + Fz ux along base -> top (core/demand_extraction.py, calculation/engine.py resolve_connection_component_linear_response).
A7: When Statics has no solution (no solve rope, or a singular matrix) or the boom width is not > 0, every value cell shows the reason instead of a number, as the app shows no results.
A8: Out-of-plane rows (OutOfPlane sheet, calculation/engine.py _out_of_plane_variants): heel_left/heel_right = 0.5 heel_point +/- M_heel / boom width (the app's split), platform base Fy/Mx with the sign of the applied loads; fradial = sqrt(Fx^2 + Fy^2), mradial = sqrt(Mx^2 + My^2), bearing line loads Fz/(pi D) +/- 4 mradial/(pi D^2) (min shows uplift only, core/demand_extraction.py); n/a without a bearing diameter (the app hides them).
A11: Status
A12: Results valid | B12: =IF(AND(Statics!$B$13=1,OutOfPlane!$B$21=1),1,0) | C12: 1/0 | D12: ok -- Statics ok and boom width > 0
A13: Short reason (shown in the value cells) | B13: =IF(Results!$B$12=1,"",IF(Statics!$B$10=0,"no solve rope",IF(OR(Statics!$B$11=1,Statics!$B$12=1),"singular matrix",IF(OutOfPlane!$B$21<>1,"boom width must be > 0","no solution")))) | D13: reason
A14: Status | B14: =IF(Results!$B$12=1,"OK",IF(Statics!$B$10=0,"No solve rope: no active rope has role solve (Inputs ropes), so the boom matrix is singular and the app shows no results",IF(OR(Statics!$B$11=1,Statics!$B$12=1),"Singular matrix on Statics (boom 3x3 or leg frame 6x6): the app finds no solution and shows no results",IF(OutOfPlane!$B$21<>1,"Boom width (Inputs structure) must be > 0: the app rejects it and its out-of-plane split divides by it, so it shows no results","No solution")))) | D14: message
A16: Rope tensions per hoist (row i = Inputs hoists row i)
A17: Active [1/0] | B17: Hoist | C17: Rope id | D17: Rope role | E17: Rope tension T [kN]
A18: active (from Inputs) | B18: hoist_id (result key tension.<hoist>) | C18: rope_id | D18: role ('' if the rope is missing) | E18: tension_kN
A19: =Inputs!$A$304 | B19: =IF(Results!$A$19=1,Inputs!$B$304&"","") | C19: =IF(Results!$A$19=1,Inputs!$C$304&"","") | D19: =IF(Results!$C$19="","",IFERROR(INDEX(Loads!$D$125:$D$132,MATCH(Results!$C$19,Loads!$C$125:$C$132,0))&"","")) | E19: =IF(Results!$A$19<>1,0,IF(Results!$B$12<>1,Results!$B$13,IF(Results!$D$19="solve",Statics!$H$37,IF(Results!$D$19="",0,INDEX(Loads!$K$125:$K$132,MATCH(Results!$C$19,Loads!$C$125:$C$132,0))))))
A20: =Inputs!$A$305 | B20: =IF(Results!$A$20=1,Inputs!$B$305&"","") | C20: =IF(Results!$A$20=1,Inputs!$C$305&"","") | D20: =IF(Results!$C$20="","",IFERROR(INDEX(Loads!$D$125:$D$132,MATCH(Results!$C$20,Loads!$C$125:$C$132,0))&"","")) | E20: =IF(Results!$A$20<>1,0,IF(Results!$B$12<>1,Results!$B$13,IF(Results!$D$20="solve",Statics!$H$37,IF(Results!$D$20="",0,INDEX(Loads!$K$125:$K$132,MATCH(Results!$C$20,Loads!$C$125:$C$132,0))))))
A21: =Inputs!$A$306 | B21: =IF(Results!$A$21=1,Inputs!$B$306&"","") | C21: =IF(Results!$A$21=1,Inputs!$C$306&"","") | D21: =IF(Results!$C$21="","",IFERROR(INDEX(Loads!$D$125:$D$132,MATCH(Results!$C$21,Loads!$C$125:$C$132,0))&"","")) | E21: =IF(Results!$A$21<>1,0,IF(Results!$B$12<>1,Results!$B$13,IF(Results!$D$21="solve",Statics!$H$37,IF(Results!$D$21="",0,INDEX(Loads!$K$125:$K$132,MATCH(Results!$C$21,Loads!$C$125:$C$132,0))))))
A22: =Inputs!$A$307 | B22: =IF(Results!$A$22=1,Inputs!$B$307&"","") | C22: =IF(Results!$A$22=1,Inputs!$C$307&"","") | D22: =IF(Results!$C$22="","",IFERROR(INDEX(Loads!$D$125:$D$132,MATCH(Results!$C$22,Loads!$C$125:$C$132,0))&"","")) | E22: =IF(Results!$A$22<>1,0,IF(Results!$B$12<>1,Results!$B$13,IF(Results!$D$22="solve",Statics!$H$37,IF(Results!$D$22="",0,INDEX(Loads!$K$125:$K$132,MATCH(Results!$C$22,Loads!$C$125:$C$132,0))))))
A23: =Inputs!$A$308 | B23: =IF(Results!$A$23=1,Inputs!$B$308&"","") | C23: =IF(Results!$A$23=1,Inputs!$C$308&"","") | D23: =IF(Results!$C$23="","",IFERROR(INDEX(Loads!$D$125:$D$132,MATCH(Results!$C$23,Loads!$C$125:$C$132,0))&"","")) | E23: =IF(Results!$A$23<>1,0,IF(Results!$B$12<>1,Results!$B$13,IF(Results!$D$23="solve",Statics!$H$37,IF(Results!$D$23="",0,INDEX(Loads!$K$125:$K$132,MATCH(Results!$C$23,Loads!$C$125:$C$132,0))))))
A24: =Inputs!$A$309 | B24: =IF(Results!$A$24=1,Inputs!$B$309&"","") | C24: =IF(Results!$A$24=1,Inputs!$C$309&"","") | D24: =IF(Results!$C$24="","",IFERROR(INDEX(Loads!$D$125:$D$132,MATCH(Results!$C$24,Loads!$C$125:$C$132,0))&"","")) | E24: =IF(Results!$A$24<>1,0,IF(Results!$B$12<>1,Results!$B$13,IF(Results!$D$24="solve",Statics!$H$37,IF(Results!$D$24="",0,INDEX(Loads!$K$125:$K$132,MATCH(Results!$C$24,Loads!$C$125:$C$132,0))))))
A25: =Inputs!$A$310 | B25: =IF(Results!$A$25=1,Inputs!$B$310&"","") | C25: =IF(Results!$A$25=1,Inputs!$C$310&"","") | D25: =IF(Results!$C$25="","",IFERROR(INDEX(Loads!$D$125:$D$132,MATCH(Results!$C$25,Loads!$C$125:$C$132,0))&"","")) | E25: =IF(Results!$A$25<>1,0,IF(Results!$B$12<>1,Results!$B$13,IF(Results!$D$25="solve",Statics!$H$37,IF(Results!$D$25="",0,INDEX(Loads!$K$125:$K$132,MATCH(Results!$C$25,Loads!$C$125:$C$132,0))))))
A26: =Inputs!$A$311 | B26: =IF(Results!$A$26=1,Inputs!$B$311&"","") | C26: =IF(Results!$A$26=1,Inputs!$C$311&"","") | D26: =IF(Results!$C$26="","",IFERROR(INDEX(Loads!$D$125:$D$132,MATCH(Results!$C$26,Loads!$C$125:$C$132,0))&"","")) | E26: =IF(Results!$A$26<>1,0,IF(Results!$B$12<>1,Results!$B$13,IF(Results!$D$26="solve",Statics!$H$37,IF(Results!$D$26="",0,INDEX(Loads!$K$125:$K$132,MATCH(Results!$C$26,Loads!$C$125:$C$132,0))))))
A30: Support reactions
A31: Result key | B31: Support | C31: Component | D31: Value | E31: Unit | F31: From
A32: key (reaction.<entity>.<component>) | B32: entity | C32: component | D32: value (kN or kNm, see unit) | E32: unit | F32: source
A33: reaction.heel_point.fx | B33: heel_point | C33: fx | D33: =IF(Results!$B$12<>1,Results!$B$13,Statics!$H$35) | E33: kN | F33: Statics Hx
A34: reaction.heel_point.fz | B34: heel_point | C34: fz | D34: =IF(Results!$B$12<>1,Results!$B$13,Statics!$H$36) | E34: kN | F34: Statics Hz
A35: reaction.heel_point.resultant | B35: heel_point | C35: resultant | D35: =IF(Results!$B$12<>1,Results!$B$13,SQRT(Statics!$H$35^2+Statics!$H$36^2)) | E35: kN | F35: sqrt(Fx^2 + Fz^2)
A36: reaction.front_hinge.fx | B36: front_hinge | C36: fx | D36: =IF(Results!$B$12<>1,Results!$B$13,Statics!$K$55) | E36: kN | F36: Statics R_fb_x
A37: reaction.front_hinge.fz | B37: front_hinge | C37: fz | D37: =IF(Results!$B$12<>1,Results!$B$13,Statics!$K$56) | E37: kN | F37: Statics R_fb_z
A38: reaction.front_hinge.resultant | B38: front_hinge | C38: resultant | D38: =IF(Results!$B$12<>1,Results!$B$13,SQRT(Statics!$K$55^2+Statics!$K$56^2)) | E38: kN | F38: sqrt(Fx^2 + Fz^2)
A39: reaction.front_hinge.leg_axial | B39: front_hinge | C39: leg_axial | D39: =IF(Results!$B$12<>1,Results!$B$13,IF(Statics!$B$83=1,Statics!$K$55*Statics!$B$81+Statics!$K$56*Statics!$B$82,"n/a (zero-length leg)")) | E39: kN | F39: Fx ux + Fz uz, front_base -> front_top
A40: reaction.front_hinge.leg_normal | B40: front_hinge | C40: leg_normal | D40: =IF(Results!$B$12<>1,Results!$B$13,IF(Statics!$B$83=1,-Statics!$K$55*Statics!$B$82+Statics!$K$56*Statics!$B$81,"n/a (zero-length leg)")) | E40: kN | F40: -Fx uz + Fz ux
A41: reaction.rear_hinge.fx | B41: rear_hinge | C41: fx | D41: =IF(Results!$B$12<>1,Results!$B$13,Statics!$K$53) | E41: kN | F41: Statics R_rb_x
A42: reaction.rear_hinge.fz | B42: rear_hinge | C42: fz | D42: =IF(Results!$B$12<>1,Results!$B$13,Statics!$K$54) | E42: kN | F42: Statics R_rb_z
A43: reaction.rear_hinge.resultant | B43: rear_hinge | C43: resultant | D43: =IF(Results!$B$12<>1,Results!$B$13,SQRT(Statics!$K$53^2+Statics!$K$54^2)) | E43: kN | F43: sqrt(Fx^2 + Fz^2)
A44: reaction.rear_hinge.leg_axial | B44: rear_hinge | C44: leg_axial | D44: =IF(Results!$B$12<>1,Results!$B$13,IF(Statics!$B$79=1,Statics!$K$53*Statics!$B$77+Statics!$K$54*Statics!$B$78,"n/a (zero-length leg)")) | E44: kN | F44: Fx ux + Fz uz, rear_base -> rear_top
A45: reaction.rear_hinge.leg_normal | B45: rear_hinge | C45: leg_normal | D45: =IF(Results!$B$12<>1,Results!$B$13,IF(Statics!$B$79=1,-Statics!$K$53*Statics!$B$78+Statics!$K$54*Statics!$B$77,"n/a (zero-length leg)")) | E45: kN | F45: -Fx uz + Fz ux
A46: reaction.upper_hinge.fx | B46: upper_hinge | C46: fx | D46: =IF(Results!$B$12<>1,Results!$B$13,Statics!$K$57) | E46: kN | F46: Statics R_top_x
A47: reaction.upper_hinge.fz | B47: upper_hinge | C47: fz | D47: =IF(Results!$B$12<>1,Results!$B$13,Statics!$K$58) | E47: kN | F47: Statics R_top_z
A48: reaction.upper_hinge.resultant | B48: upper_hinge | C48: resultant | D48: =IF(Results!$B$12<>1,Results!$B$13,SQRT(Statics!$K$57^2+Statics!$K$58^2)) | E48: kN | F48: sqrt(Fx^2 + Fz^2)
A49: reaction.platform_base.fx | B49: platform_base | C49: fx | D49: =IF(Results!$B$12<>1,Results!$B$13,Statics!$B$71) | E49: kN | F49: Statics r_g_x
A50: reaction.platform_base.fz | B50: platform_base | C50: fz | D50: =IF(Results!$B$12<>1,Results!$B$13,Statics!$B$72) | E50: kN | F50: Statics r_g_z
A51: reaction.platform_base.my | B51: platform_base | C51: my | D51: =IF(Results!$B$12<>1,Results!$B$13,Statics!$B$73) | E51: kNm | F51: Statics m_g (in-plane base moment)
A52: reaction.heel_left.fx | B52: heel_left | C52: fx | D52: =IF(Results!$B$12<>1,Results!$B$13,OutOfPlane!$I$227) | E52: kN | F52: OutOfPlane split: 0.5 Hx + Mz_heel / width
A53: reaction.heel_left.fz | B53: heel_left | C53: fz | D53: =IF(Results!$B$12<>1,Results!$B$13,OutOfPlane!$J$227) | E53: kN | F53: OutOfPlane split: 0.5 Hz + Mx_heel / width
A54: reaction.heel_left.resultant | B54: heel_left | C54: resultant | D54: =IF(Results!$B$12<>1,Results!$B$13,SQRT(OutOfPlane!$I$227^2+OutOfPlane!$J$227^2)) | E54: kN | F54: sqrt(Fx^2 + Fz^2)
A55: reaction.heel_right.fx | B55: heel_right | C55: fx | D55: =IF(Results!$B$12<>1,Results!$B$13,OutOfPlane!$I$228) | E55: kN | F55: OutOfPlane split: 0.5 Hx - Mz_heel / width
A56: reaction.heel_right.fz | B56: heel_right | C56: fz | D56: =IF(Results!$B$12<>1,Results!$B$13,OutOfPlane!$J$228) | E56: kN | F56: OutOfPlane split: 0.5 Hz - Mx_heel / width
A57: reaction.heel_right.resultant | B57: heel_right | C57: resultant | D57: =IF(Results!$B$12<>1,Results!$B$13,SQRT(OutOfPlane!$I$228^2+OutOfPlane!$J$228^2)) | E57: kN | F57: sqrt(Fx^2 + Fz^2)
A58: reaction.platform_base.fy | B58: platform_base | C58: fy | D58: =IF(Results!$B$12<>1,Results!$B$13,OutOfPlane!$B$241) | E58: kN | F58: OutOfPlane: sum of applied Fy (load sign)
A59: reaction.platform_base.mx | B59: platform_base | C59: mx | D59: =IF(Results!$B$12<>1,Results!$B$13,OutOfPlane!$B$242) | E59: kNm | F59: OutOfPlane: applied Mx about platform_heel (load sign)
A60: reaction.platform_base.fradial | B60: platform_base | C60: fradial | D60: =IF(Results!$B$12<>1,Results!$B$13,SQRT(Statics!$B$71^2+OutOfPlane!$B$241^2)) | E60: kN | F60: sqrt(Fx^2 + Fy^2)
A61: reaction.platform_base.mradial | B61: platform_base | C61: mradial | D61: =IF(Results!$B$12<>1,Results!$B$13,SQRT(OutOfPlane!$B$242^2+Statics!$B$73^2)) | E61: kNm | F61: sqrt(Mx^2 + My^2)
A62: reaction.platform_base.max_bearing_line_load | B62: platform_base | C62: max_bearing_line_load | D62: =IF(Results!$B$12<>1,Results!$B$13,IF(OutOfPlane!$B$23=1,Statics!$B$72/(PI()*OutOfPlane!$B$22)+4*SQRT(OutOfPlane!$B$242^2+Statics!$B$73^2)/(PI()*OutOfPlane!$B$22^2),"n/a (no bearing diameter)")) | E62: kN/m | F62: Fz/(pi D) + 4 mradial/(pi D^2)
A63: reaction.platform_base.min_bearing_line_load | B63: platform_base | C63: min_bearing_line_load | D63: =IF(Results!$B$12<>1,Results!$B$13,IF(OutOfPlane!$B$23=1,MAX(0,4*SQRT(OutOfPlane!$B$242^2+Statics!$B$73^2)/(PI()*OutOfPlane!$B$22^2)-Statics!$B$72/(PI()*OutOfPlane!$B$22)),"n/a (no bearing diameter)")) | E63: kN/m | F63: max(0, 4 mradial/(pi D^2) - Fz/(pi D)): uplift

Sheet Checks
A1: Checks -- every count must be 0
B3: Total issues | C3: =SUM(C6:C20) | D3: =IF(C3=0,"OK","CHECK INPUTS")
A5: Check | B5: Description | C5: Count | D5: Status
A6: overflow | B6: Rows that do not fit a table (generator) or typed into a guard row | C6: =SUM($D$25:$D$30) | D6: =IF(C6=0,"OK","CHECK")
A7: duplicate_ids | B7: Active rows whose id is used by another active row of the same table | C7: =SUMPRODUCT((Inputs!$A$46:$A$85=1)*(Inputs!$B$46:$B$85<>"")*(COUNTIFS(Inputs!$B$46:$B$85,Inputs!$B$46:$B$85,Inputs!$A$46:$A$85,1)>1))+SUMPRODUCT((Inputs!$A$92:$A$131=1)*(Inputs!$B$92:$B$131<>"")*(COUNTIFS(Inputs!$B$92:$B$131,Inputs!$B$92:$B$131,Inputs!$A$92:$A$131,1)>1))+SUMPRODUCT((Inputs!$A$138:$A$217=1)*(Inputs!$B$138:$B$217<>"")*(COUNTIFS(Inputs!$B$138:$B$217,Inputs!$B$138:$B$217,Inputs!$A$138:$A$217,1)>1))+SUMPRODUCT((Inputs!$A$290:$A$297=1)*(Inputs!$B$290:$B$297<>"")*(COUNTIFS(Inputs!$B$290:$B$297,Inputs!$B$290:$B$297,Inputs!$A$290:$A$297,1)>1))+SUMPRODUCT((Inputs!$A$304:$A$311=1)*(Inputs!$B$304:$B$311<>"")*(COUNTIFS(Inputs!$B$304:$B$311,Inputs!$B$304:$B$311,Inputs!$A$304:$A$311,1)>1)) | D7: =IF(C7=0,"OK","CHECK")
A8: blank_ids | B8: Active rows with a blank id (or blank rope id on a segment) | C8: =SUMPRODUCT((Inputs!$A$46:$A$85=1)*(Inputs!$B$46:$B$85=""))+SUMPRODUCT((Inputs!$A$92:$A$131=1)*(Inputs!$B$92:$B$131=""))+SUMPRODUCT((Inputs!$A$138:$A$217=1)*(Inputs!$B$138:$B$217=""))+SUMPRODUCT((Inputs!$A$290:$A$297=1)*(Inputs!$B$290:$B$297=""))+SUMPRODUCT((Inputs!$A$304:$A$311=1)*(Inputs!$B$304:$B$311=""))+SUMPRODUCT((Inputs!$A$224:$A$283=1)*(Inputs!$B$224:$B$283="")) | D8: =IF(C8=0,"OK","CHECK")
A9: node_references | B9: References to a missing or inactive node (segment ends, hoist hook/support nodes, hanging nodes' parent) | C9: =SUMPRODUCT((Inputs!$A$224:$A$283=1)*(COUNTIFS(Inputs!$B$138:$B$217,Inputs!$C$224:$C$283,Inputs!$A$138:$A$217,1)=0))+SUMPRODUCT((Inputs!$A$224:$A$283=1)*(COUNTIFS(Inputs!$B$138:$B$217,Inputs!$D$224:$D$283,Inputs!$A$138:$A$217,1)=0))+SUMPRODUCT((Inputs!$A$304:$A$311=1)*(COUNTIFS(Inputs!$B$138:$B$217,Inputs!$D$304:$D$311,Inputs!$A$138:$A$217,1)=0))+SUMPRODUCT((Inputs!$A$304:$A$311=1)*(Inputs!$E$304:$E$311<>"")*(COUNTIFS(Inputs!$B$138:$B$217,Inputs!$E$304:$E$311,Inputs!$A$138:$A$217,1)=0))+SUMPRODUCT((Inputs!$A$138:$A$217=1)*(Inputs!$D$138:$D$217="hanging")*(COUNTIFS(Inputs!$B$138:$B$217,Inputs!$I$138:$I$217,Inputs!$A$138:$A$217,1)=0)) | D9: =IF(C9=0,"OK","CHECK")
A10: rope_references | B10: Segments or hoists referencing a missing or inactive rope | C10: =SUMPRODUCT((Inputs!$A$224:$A$283=1)*(COUNTIFS(Inputs!$B$290:$B$297,Inputs!$B$224:$B$283,Inputs!$A$290:$A$297,1)=0))+SUMPRODUCT((Inputs!$A$304:$A$311=1)*(COUNTIFS(Inputs!$B$290:$B$297,Inputs!$C$304:$C$311,Inputs!$A$290:$A$297,1)=0)) | D10: =IF(C10=0,"OK","CHECK")
A11: hoist_without_segments | B11: Active hoists whose rope has no active segment | C11: =SUMPRODUCT((Inputs!$A$304:$A$311=1)*(COUNTIFS(Inputs!$B$224:$B$283,Inputs!$C$304:$C$311,Inputs!$A$224:$A$283,1)=0)) | D11: =IF(C11=0,"OK","CHECK")
A12: multiple_solve_ropes | B12: Active solve ropes beyond the first (exactly one is allowed) | C12: =MAX(0,COUNTIFS(Inputs!$A$290:$A$297,1,Inputs!$C$290:$C$297,"solve")-1) | D12: =IF(C12=0,"OK","CHECK")
A13: no_solve_rope | B13: 1 if no active rope has role solve (the app shows no results then) | C13: =IF(COUNTIFS(Inputs!$A$290:$A$297,1,Inputs!$C$290:$C$297,"solve")=0,1,0) | D13: =IF(C13=0,"OK","CHECK")
A14: scene_hoist | B14: 1 if the scene hoist is not an active hoist with a fixed rope | C14: =IF(COUNTIFS(Inputs!$B$304:$B$311,Inputs!$B$26,Inputs!$A$304:$A$311,1)=0,1,IF(COUNTIFS(Inputs!$B$290:$B$297,INDEX(Inputs!$C$304:$C$311,MATCH(Inputs!$B$26,Inputs!$B$304:$B$311,0)),Inputs!$A$290:$A$297,1,Inputs!$C$290:$C$297,"fixed")=0,1,0)) | D14: =IF(C14=0,"OK","CHECK")
A15: wind_direction | B15: 1 if the scene wind direction is not +X, -X, +Y or -Y | C15: =IF(OR(Inputs!$B$33="+X",Inputs!$B$33="-X",Inputs!$B$33="+Y",Inputs!$B$33="-Y"),0,1) | D15: =IF(C15=0,"OK","CHECK")
A16: fixed_nodes_missing | B16: Fixed structure node ids with no active node row | C16: =COUNTIF($B$34:$B$42,0) | D16: =IF(C16=0,"OK","CHECK")
A17: hanging_chain | B17: Hanging nodes whose parent is itself hanging (only one level is resolved) | C17: =SUMPRODUCT((Inputs!$A$138:$A$217=1)*(Inputs!$D$138:$D$217="hanging")*(COUNTIFS(Inputs!$B$138:$B$217,Inputs!$I$138:$I$217,Inputs!$D$138:$D$217,"hanging",Inputs!$A$138:$A$217,1)>0)) | D17: =IF(C17=0,"OK","CHECK")
A18: singular_matrix | B18: Singular Statics systems (boom 3x3, leg frame 6x6); the boom one is singular without a solve rope | C18: =Statics!$B$41+Statics!$B$62 | D18: =IF(C18=0,"OK","CHECK")
A19: zero_boom_width | B19: 1 if the boom width is not > 0 (the app rejects it; the out-of-plane split divides by it, so Results shows a message) | C19: =IF(OutOfPlane!$B$21=1,0,1) | D19: =IF(C19=0,"OK","CHECK")
A20: invalid_bearing_diameter | B20: 1 if the slewing bearing diameter is typed but not a number > 0 (blank is allowed and hides the bearing line-load rows) | C20: =IF(Inputs!$B$13="",0,IF(ISNUMBER(Inputs!$B$13),IF(Inputs!$B$13>0,0,1),1)) | D20: =IF(C20=0,"OK","CHECK")
A23: Overflow per table
A24: Table | B24: Not written | C24: Typed in guard row | D24: Total
A25: mass_points | B25: =Inputs!$G$43 | C25: =COUNTA(Inputs!$A$86:$K$86) | D25: =B25+C25
A26: wind_areas | B26: =Inputs!$G$89 | C26: =COUNTA(Inputs!$A$132:$K$132) | D26: =B26+C26
A27: nodes | B27: =Inputs!$G$135 | C27: =COUNTA(Inputs!$A$218:$K$218) | D27: =B27+C27
A28: segments | B28: =Inputs!$G$221 | C28: =COUNTA(Inputs!$A$284:$E$284) | D28: =B28+C28
A29: ropes | B29: =Inputs!$G$287 | C29: =COUNTA(Inputs!$A$298:$C$298) | D29: =B29+C29
A30: hoists | B30: =Inputs!$G$301 | C30: =COUNTA(Inputs!$A$312:$Q$312) | D30: =B30+C30
A33: Fixed structure nodes (active rows with this id)
A34: boom_heel | B34: =COUNTIFS(Inputs!$B$138:$B$217,A34,Inputs!$A$138:$A$217,1)
A35: platform_heel | B35: =COUNTIFS(Inputs!$B$138:$B$217,A35,Inputs!$A$138:$A$217,1)
A36: rear_top | B36: =COUNTIFS(Inputs!$B$138:$B$217,A36,Inputs!$A$138:$A$217,1)
A37: front_top | B37: =COUNTIFS(Inputs!$B$138:$B$217,A37,Inputs!$A$138:$A$217,1)
A38: rear_base | B38: =COUNTIFS(Inputs!$B$138:$B$217,A38,Inputs!$A$138:$A$217,1)
A39: platform_rear | B39: =COUNTIFS(Inputs!$B$138:$B$217,A39,Inputs!$A$138:$A$217,1)
A40: front_base | B40: =COUNTIFS(Inputs!$B$138:$B$217,A40,Inputs!$A$138:$A$217,1)
A41: platform_front | B41: =COUNTIFS(Inputs!$B$138:$B$217,A41,Inputs!$A$138:$A$217,1)
A42: platform_base | B42: =COUNTIFS(Inputs!$B$138:$B$217,A42,Inputs!$A$138:$A$217,1)
